,T_coeff,course_id,cumgame_coeff,dirvar_coeff,gustvar_coeff,intercept,mse,n_value,nomatch,player,precip_coeff,prediction_score,rh_coeff,u_coeff,uv_var_coeff,v_coeff,wdir_coeff,wgust_coeff,wspd_coeff
0,,0,,,,,,,1.0,Ben Horst,,,,,,,,,
1,,1,,,,,,,1.0,Ben Horst,,,,,,,,,
2,,2,,,,,,,1.0,Ben Horst,,,,,,,,,
3,,0,,,,,,,1.0,Bob Montes,,,,,,,,,
4,,1,,,,,,,1.0,Bob Montes,,,,,,,,,
5,-0.12840229830056404,2,-0.0,0.0,0.15197743617294493,55.04347826086956,10.955951312338659,23.0,,Bob Montes,0.14754467085357256,0.21488780219084924,0.12382026851494608,-0.046501010399527254,0.00924869420317119,-0.25294254658836085,-0.027359052587090118,0.2524851107627858,0.14366307262448347
6,,0,,,,,,,1.0,Dennis Warsen,,,,,,,,,
7,-2.212886338379457,1,-0.0,0.0,-0.0,57.142857142857146,6.708200603249269,14.0,,Dennis Warsen,0.013266409231006578,0.583921734735172,0.0,-0.0,0.0,0.0,0.0,-0.0,0.0
8,-0.0,2,-0.0,-0.0,0.0,54.35849056603774,14.013275509398463,53.0,,Dennis Warsen,0.0,0.12021610777568559,-0.0,-0.0,-0.0,-0.0,0.0,0.7970974852505135,0.0
9,,0,,,,,,,1.0,Gonzalo Arestizabal,,,,,,,,,
10,,1,,,,,,,1.0,Gonzalo Arestizabal,,,,,,,,,
11,-0.25619256773695315,2,-0.06288818008436932,-0.03218042105182817,-0.0,63.142857142857146,6.571891676941434,21.0,,Gonzalo Arestizabal,0.0,0.20943692593257712,0.05505209706107894,-0.10846766669259805,-0.2335011753309317,-0.1593687343471912,0.10045333424985775,0.051833179002749405,0.07786479484151075
12,,0,,,,,,,1.0,Greg Mann,,,,,,,,,
13,,1,,,,,,,1.0,Greg Mann,,,,,,,,,
14,,2,,,,,,,1.0,Greg Mann,,,,,,,,,
15,,0,,,,,,,1.0,Gregg LaComb,,,,,,,,,
16,,1,,,,,,,1.0,Gregg LaComb,,,,,,,,,
17,,2,,,,,,,1.0,Gregg LaComb,,,,,,,,,
18,,0,,,,,,,1.0,Jon Braidman,,,,,,,,,
19,,1,,,,,,,1.0,Jon Braidman,,,,,,,,,
20,-0.655645848546543,2,-0.8151191506221412,-0.0,-0.3358134183416316,56.458333333333336,6.658609865876336,24.0,,Jon Braidman,0.0,0.5943565010317536,-0.2824247888506697,1.2019261146650504,-0.0,-0.049037850951943955,-0.0,2.6187711120344566,-0.0
21,,0,,,,,,,1.0,Juan Fielding,,,,,,,,,
22,,1,,,,,,,1.0,Juan Fielding,,,,,,,,,
23,,2,,,,,,,1.0,Juan Fielding,,,,,,,,,
24,,0,,,,,,,1.0,Matt Rowe,,,,,,,,,
25,,1,,,,,,,1.0,Matt Rowe,,,,,,,,,
26,-0.0,2,0.0,0.0,-0.0,57.06666666666667,5.2176545785585144,15.0,,Matt Rowe,0.0,0.6358646773648678,-0.9327503161956555,0.09488849316096802,-1.0759266060169927,0.5145371746160137,-0.0,-1.0836598053041986,-0.0
27,,0,,,,,,,1.0,Nelson Vasquez,,,,,,,,,
28,,1,,,,,,,1.0,Nelson Vasquez,,,,,,,,,
29,,2,,,,,,,1.0,Nelson Vasquez,,,,,,,,,
30,,0,,,,,,,1.0,Pete D'Agostino,,,,,,,,,
31,,1,,,,,,,1.0,Pete D'Agostino,,,,,,,,,
32,-0.0,2,-0.0,-0.11320884099351874,-0.17018395742984585,61.57575757575758,13.073966624588653,66.0,,Pete D'Agostino,1.0548563989738744,0.24183664443383324,-0.4394121955123205,0.0,-0.788933548680757,-0.510576329345296,-0.46917914350040457,0.10339060230326536,0.0763138861824973
33,,0,,,,,,,1.0,Scott Badovick,,,,,,,,,
34,,1,,,,,,,1.0,Scott Badovick,,,,,,,,,
35,,2,,,,,,,1.0,Scott Badovick,,,,,,,,,
36,,0,,,,,,,1.0,Steve Keller,,,,,,,,,
37,,1,,,,,,,1.0,Steve Keller,,,,,,,,,
38,,2,,,,,,,1.0,Steve Keller,,,,,,,,,
39,,0,,,,,,,1.0,Steve Willis,,,,,,,,,
40,,1,,,,,,,1.0,Steve Willis,,,,,,,,,
41,0.0,2,-0.0,0.0,0.0,55.22222222222222,10.55875193080338,72.0,,Steve Willis,0.7299823170939971,0.3426142149153929,-0.15131390066065087,-0.0,0.024085268939481173,-0.9558522211389519,-0.0,0.0,0.668832486094489
42,,0,,,,,,,1.0,Tim Smith,,,,,,,,,
43,,1,,,,,,,1.0,Tim Smith,,,,,,,,,
44,,2,,,,,,,1.0,Tim Smith,,,,,,,,,
45,,0,,,,,,,1.0,Toby Parks,,,,,,,,,
46,0.0,1,0.0,-0.0,0.0,52.714285714285715,8.918367346938775,14.0,,Toby Parks,-0.0,0.0,-0.0,-0.0,0.0,-0.0,-0.0,0.0,0.0
47,-0.0,2,0.0,-0.0,0.0,51.0,12.588235294117647,34.0,,Toby Parks,-0.0,0.0,0.0,-0.0,0.0,-0.0,-0.0,0.0,0.0
48,,0,,,,,,,1.0,Vince Mardigras,,,,,,,,,
49,,1,,,,,,,1.0,Vince Mardigras,,,,,,,,,
50,,2,,,,,,,1.0,Vince Mardigras,,,,,,,,,
51,,0,,,,,,,1.0,Will Roller,,,,,,,,,
52,,1,,,,,,,1.0,Will Roller,,,,,,,,,
53,-0.0,2,-0.0,0.0,-0.0,54.577777777777776,12.73245381807187,45.0,,Will Roller,0.0,0.2700934497340185,0.0,0.0,0.0,-0.459465726652234,-0.7614048840918332,0.8946956807159065,0.0
54,,0,,,,,,,1.0,Anni Kreml,,,,,,,,,
55,,1,,,,,,,1.0,Anni Kreml,,,,,,,,,
56,-0.0,2,0.0,-0.0,0.0,60.32142857142857,9.78954081632653,28.0,,Anni Kreml,0.0,0.0,-0.0,-0.0,0.0,0.0,0.0,0.0,0.0
57,,0,,,,,,,1.0,Case Conover,,,,,,,,,
58,,1,,,,,,,1.0,Case Conover,,,,,,,,,
59,0.03290296723587228,2,-0.49484163276537496,-0.05100242351878615,0.0,56.526315789473685,7.3441624158997625,57.0,,Case Conover,-0.0,0.16311785601647277,-0.0,-0.0,-0.0,-0.0,0.0,0.5972064226622718,0.0
60,,0,,,,,,,1.0,David Welty,,,,,,,,,
61,,1,,,,,,,1.0,David Welty,,,,,,,,,
62,,2,,,,,,,1.0,David Welty,,,,,,,,,
63,,0,,,,,,,1.0,Kevin Couch,,,,,,,,,
64,,1,,,,,,,1.0,Kevin Couch,,,,,,,,,
65,0.0,2,-0.2872399400539738,-0.0,0.0,52.166666666666664,10.654003921525574,24.0,,Kevin Couch,0.0,0.08462018812668115,-0.0,0.0,-0.0,0.0,0.18215532094888168,-0.0,-0.0
66,,0,,,,,,,1.0,Scott Riley,,,,,,,,,
67,,1,,,,,,,1.0,Scott Riley,,,,,,,,,
68,-0.0,2,0.0,-0.0,0.0,54.4390243902439,15.735852882027167,41.0,,Scott Riley,0.0,0.0400650059991412,-0.0,-0.030352170906066206,0.0,-0.05835524021855675,-0.0,0.05977622841487545,0.06200608688083953
69,,0,,,,,,,1.0,Conner Russell,,,,,,,,,
70,,1,,,,,,,1.0,Conner Russell,,,,,,,,,
71,-0.0,2,-2.239252094033259,0.0,-0.0,65.0,8.180907695717169,22.0,,Conner Russell,0.2079547160789586,0.510923996451691,0.0,0.0,-0.0,-0.0,-0.0,0.5282882723697634,0.5175044451119254
72,,0,,,,,,,1.0,David Falzone,,,,,,,,,
73,,1,,,,,,,1.0,David Falzone,,,,,,,,,
74,,2,,,,,,,1.0,David Falzone,,,,,,,,,
75,,0,,,,,,,1.0,Jeff Fiedler,,,,,,,,,
76,,1,,,,,,,1.0,Jeff Fiedler,,,,,,,,,
77,-0.0,2,-0.0,0.0,-0.0,53.86666666666667,10.315555555555557,30.0,,Jeff Fiedler,0.0,0.0,-0.0,0.0,-0.0,-0.0,-0.0,0.0,0.0
78,,0,,,,,,,1.0,Joe Wharton,,,,,,,,,
79,,1,,,,,,,1.0,Joe Wharton,,,,,,,,,
80,-0.0,2,0.0,0.0,-0.0,56.63333333333333,7.765555555555556,30.0,,Joe Wharton,0.0,0.0,-0.0,0.0,0.0,0.0,-0.0,-0.0,-0.0
81,,0,,,,,,,1.0,Ari Freedman,,,,,,,,,
82,,1,,,,,,,1.0,Ari Freedman,,,,,,,,,
83,-0.0047062893812942295,2,0.3696308130471758,-0.28702198748320557,-0.0,58.64,10.729664203479672,25.0,,Ari Freedman,0.0913349227308897,0.22419711624539604,0.33190541428324877,-0.0,-0.14175027571039744,-0.16470465297798653,0.020843858976457432,0.15320688774399954,0.11225108321897273
84,,0,,,,,,,1.0,Peter Sontag,,,,,,,,,
85,,1,,,,,,,1.0,Peter Sontag,,,,,,,,,
86,-0.7456540901168266,2,0.40471242353782694,0.0,0.022176646554568632,52.3125,5.454665624441868,16.0,,Peter Sontag,0.0,0.7179570996047024,0.0,-0.9266372373811533,0.1954147399919299,-0.0934714318391404,0.2728318417598556,0.9600745578279105,0.9245975540817759
87,,0,,,,,,,1.0,AJ Jaussaud,,,,,,,,,
88,,1,,,,,,,1.0,AJ Jaussaud,,,,,,,,,
89,,2,,,,,,,1.0,AJ Jaussaud,,,,,,,,,
90,,0,,,,,,,1.0,Aaron Hesterman,,,,,,,,,
91,,1,,,,,,,1.0,Aaron Hesterman,,,,,,,,,
92,,2,,,,,,,1.0,Aaron Hesterman,,,,,,,,,
93,,0,,,,,,,1.0,Aaron Kirby,,,,,,,,,
94,,1,,,,,,,1.0,Aaron Kirby,,,,,,,,,
95,,2,,,,,,,1.0,Aaron Kirby,,,,,,,,,
96,,0,,,,,,,1.0,Andy Sommers,,,,,,,,,
97,,1,,,,,,,1.0,Andy Sommers,,,,,,,,,
98,,2,,,,,,,1.0,Andy Sommers,,,,,,,,,
99,,0,,,,,,,1.0,Bob McGarity,,,,,,,,,
100,,1,,,,,,,1.0,Bob McGarity,,,,,,,,,
101,,2,,,,,,,1.0,Bob McGarity,,,,,,,,,
102,,0,,,,,,,1.0,Bryan Hesterman,,,,,,,,,
103,,1,,,,,,,1.0,Bryan Hesterman,,,,,,,,,
104,,2,,,,,,,1.0,Bryan Hesterman,,,,,,,,,
105,,0,,,,,,,1.0,Chad Inman,,,,,,,,,
106,,1,,,,,,,1.0,Chad Inman,,,,,,,,,
107,,2,,,,,,,1.0,Chad Inman,,,,,,,,,
108,,0,,,,,,,1.0,Chris Basuino,,,,,,,,,
109,,1,,,,,,,1.0,Chris Basuino,,,,,,,,,
110,,2,,,,,,,1.0,Chris Basuino,,,,,,,,,
111,-0.0,0,1.8413300882547883,-0.0,-0.0,55.57142857142857,4.42524210623288,14.0,,Chris Isom,1.3737691232456384,0.6984188272525576,-0.0,0.7633572014142239,-0.0,-0.0,-0.0,0.0,0.0
112,,1,,,,,,,1.0,Chris Isom,,,,,,,,,
113,,2,,,,,,,1.0,Chris Isom,,,,,,,,,
114,,0,,,,,,,1.0,Curtis Bauer,,,,,,,,,
115,,1,,,,,,,1.0,Curtis Bauer,,,,,,,,,
116,,2,,,,,,,1.0,Curtis Bauer,,,,,,,,,
117,,0,,,,,,,1.0,David Randall,,,,,,,,,
118,,1,,,,,,,1.0,David Randall,,,,,,,,,
119,,2,,,,,,,1.0,David Randall,,,,,,,,,
120,,0,,,,,,,1.0,Greg Breazeale,,,,,,,,,
121,,1,,,,,,,1.0,Greg Breazeale,,,,,,,,,
122,,2,,,,,,,1.0,Greg Breazeale,,,,,,,,,
123,,0,,,,,,,1.0,Jaques Duhon,,,,,,,,,
124,,1,,,,,,,1.0,Jaques Duhon,,,,,,,,,
125,,2,,,,,,,1.0,Jaques Duhon,,,,,,,,,
126,,0,,,,,,,1.0,Joe Kestler,,,,,,,,,
127,,1,,,,,,,1.0,Joe Kestler,,,,,,,,,
128,,2,,,,,,,1.0,Joe Kestler,,,,,,,,,
129,,0,,,,,,,1.0,Matt Neiman,,,,,,,,,
130,,1,,,,,,,1.0,Matt Neiman,,,,,,,,,
131,,2,,,,,,,1.0,Matt Neiman,,,,,,,,,
132,,0,,,,,,,1.0,Matty Angell,,,,,,,,,
133,,1,,,,,,,1.0,Matty Angell,,,,,,,,,
134,-0.13243377069620257,2,-0.13733904820082354,0.0,-0.18514919473217278,54.84375,14.929428363322414,32.0,,Matty Angell,0.0,0.09212336575555846,0.06558788598887283,-0.0006739478789475358,-0.0,-0.13152871482787393,-0.02714240604688037,0.1497917959425342,0.004589916269632346
135,,0,,,,,,,1.0,Mike Degnan,,,,,,,,,
136,,1,,,,,,,1.0,Mike Degnan,,,,,,,,,
137,,2,,,,,,,1.0,Mike Degnan,,,,,,,,,
138,,0,,,,,,,1.0,Nate Lachance,,,,,,,,,
139,,1,,,,,,,1.0,Nate Lachance,,,,,,,,,
140,,2,,,,,,,1.0,Nate Lachance,,,,,,,,,
141,,0,,,,,,,1.0,Nate Stone,,,,,,,,,
142,,1,,,,,,,1.0,Nate Stone,,,,,,,,,
143,,2,,,,,,,1.0,Nate Stone,,,,,,,,,
144,,0,,,,,,,1.0,Nick Calabrese,,,,,,,,,
145,,1,,,,,,,1.0,Nick Calabrese,,,,,,,,,
146,-1.5700479422003146,2,-0.0,-0.0,0.0,54.642857142857146,7.292186226292799,14.0,,Nick Calabrese,0.0,0.42391434891036334,-0.1275217825667386,-0.0,0.0,0.0,0.0,0.0,0.03619334034096532
147,,0,,,,,,,1.0,Harry Snodgrass,,,,,,,,,
148,,1,,,,,,,1.0,Harry Snodgrass,,,,,,,,,
149,,2,,,,,,,1.0,Harry Snodgrass,,,,,,,,,
150,,0,,,,,,,1.0,Brian Fattig,,,,,,,,,
151,,1,,,,,,,1.0,Brian Fattig,,,,,,,,,
152,,2,,,,,,,1.0,Brian Fattig,,,,,,,,,
153,,0,,,,,,,1.0,Matt Wilcox,,,,,,,,,
154,,1,,,,,,,1.0,Matt Wilcox,,,,,,,,,
155,,2,,,,,,,1.0,Matt Wilcox,,,,,,,,,
156,,0,,,,,,,1.0,OV Chad,,,,,,,,,
157,,1,,,,,,,1.0,OV Chad,,,,,,,,,
158,,2,,,,,,,1.0,OV Chad,,,,,,,,,
159,,0,,,,,,,1.0,John Owen,,,,,,,,,
160,,1,,,,,,,1.0,John Owen,,,,,,,,,
161,,2,,,,,,,1.0,John Owen,,,,,,,,,
162,,0,,,,,,,1.0,Rob Sindelar,,,,,,,,,
163,,1,,,,,,,1.0,Rob Sindelar,,,,,,,,,
164,,2,,,,,,,1.0,Rob Sindelar,,,,,,,,,
165,,0,,,,,,,1.0,Rex Crossen,,,,,,,,,
166,,1,,,,,,,1.0,Rex Crossen,,,,,,,,,
167,,2,,,,,,,1.0,Rex Crossen,,,,,,,,,
168,,0,,,,,,,1.0,Daley Stevens,,,,,,,,,
169,,1,,,,,,,1.0,Daley Stevens,,,,,,,,,
170,,2,,,,,,,1.0,Daley Stevens,,,,,,,,,
171,,0,,,,,,,1.0,Jeremey Adelson,,,,,,,,,
172,,1,,,,,,,1.0,Jeremey Adelson,,,,,,,,,
173,,2,,,,,,,1.0,Jeremey Adelson,,,,,,,,,
174,,0,,,,,,,1.0,John Jennings,,,,,,,,,
175,,1,,,,,,,1.0,John Jennings,,,,,,,,,
176,-0.0,2,-0.0,-0.05674255237437803,0.0,62.60606060606061,11.720468102606318,33.0,,John Jennings,0.0,0.1872395718454991,0.3243224648213343,-0.0,-0.0,-0.0,0.0,0.7467972661650276,0.0
177,,0,,,,,,,1.0,Josh Cook,,,,,,,,,
178,,1,,,,,,,1.0,Josh Cook,,,,,,,,,
179,,2,,,,,,,1.0,Josh Cook,,,,,,,,,
180,0.0,0,0.0,-0.0,-0.6764129739215857,56.3125,7.333489973878839,16.0,,Luiz Celeste,0.0,0.22518636677136492,0.0,0.0,0.0,0.0,-0.0,-0.1709799042887918,-0.0
181,,1,,,,,,,1.0,Luiz Celeste,,,,,,,,,
182,-0.29979271171864424,2,-0.0,-0.0,-0.0,55.285714285714285,6.156030484624208,21.0,,Luiz Celeste,-0.0,0.18327032379083164,0.0,-0.3931557448138993,-0.21255669112770215,0.0,0.0,0.0,0.0
183,,0,,,,,,,1.0,Matt Petrie,,,,,,,,,
184,,1,,,,,,,1.0,Matt Petrie,,,,,,,,,
185,,2,,,,,,,1.0,Matt Petrie,,,,,,,,,
186,,0,,,,,,,1.0,Paul WIldt,,,,,,,,,
187,,1,,,,,,,1.0,Paul WIldt,,,,,,,,,
188,,2,,,,,,,1.0,Paul WIldt,,,,,,,,,
189,,0,,,,,,,1.0,Peter William Sontag,,,,,,,,,
190,,1,,,,,,,1.0,Peter William Sontag,,,,,,,,,
191,,2,,,,,,,1.0,Peter William Sontag,,,,,,,,,
192,,0,,,,,,,1.0,Tim Zebal,,,,,,,,,
193,,1,,,,,,,1.0,Tim Zebal,,,,,,,,,
194,,2,,,,,,,1.0,Tim Zebal,,,,,,,,,
195,,0,,,,,,,1.0,Arthur Coddington,,,,,,,,,
196,,1,,,,,,,1.0,Arthur Coddington,,,,,,,,,
197,,2,,,,,,,1.0,Arthur Coddington,,,,,,,,,
198,,0,,,,,,,1.0,Dylan Cantu,,,,,,,,,
199,,1,,,,,,,1.0,Dylan Cantu,,,,,,,,,
200,,2,,,,,,,1.0,Dylan Cantu,,,,,,,,,
201,,0,,,,,,,1.0,Eric Kraszewski,,,,,,,,,
202,,1,,,,,,,1.0,Eric Kraszewski,,,,,,,,,
203,,2,,,,,,,1.0,Eric Kraszewski,,,,,,,,,
204,-0.24426422176797338,0,0.590663953952774,0.177791483591295,-0.0,68.93333333333334,10.134008668072438,15.0,,Hugh Harrell,1.4247065040293208,0.5901955517044755,-0.0,0.0,-0.19916256597409607,-0.10071773263172722,-0.0,0.5703129131503597,0.6398536287850599
205,,1,,,,,,,1.0,Hugh Harrell,,,,,,,,,
206,,2,,,,,,,1.0,Hugh Harrell,,,,,,,,,
207,,0,,,,,,,1.0,Tu Tran,,,,,,,,,
208,,1,,,,,,,1.0,Tu Tran,,,,,,,,,
209,,2,,,,,,,1.0,Tu Tran,,,,,,,,,
210,,0,,,,,,,1.0,Eddy Bigarani,,,,,,,,,
211,,1,,,,,,,1.0,Eddy Bigarani,,,,,,,,,
212,,2,,,,,,,1.0,Eddy Bigarani,,,,,,,,,
213,,0,,,,,,,1.0,Mariano Hernandez,,,,,,,,,
214,,1,,,,,,,1.0,Mariano Hernandez,,,,,,,,,
215,,2,,,,,,,1.0,Mariano Hernandez,,,,,,,,,
216,,0,,,,,,,1.0,Nate Gonzales,,,,,,,,,
217,,1,,,,,,,1.0,Nate Gonzales,,,,,,,,,
218,,2,,,,,,,1.0,Nate Gonzales,,,,,,,,,
219,,0,,,,,,,1.0,Noah Bernhardt,,,,,,,,,
220,,1,,,,,,,1.0,Noah Bernhardt,,,,,,,,,
221,,2,,,,,,,1.0,Noah Bernhardt,,,,,,,,,
222,,0,,,,,,,1.0,Anthony Jaussaud,,,,,,,,,
223,,1,,,,,,,1.0,Anthony Jaussaud,,,,,,,,,
224,,2,,,,,,,1.0,Anthony Jaussaud,,,,,,,,,
225,,0,,,,,,,1.0,Matt Hansen,,,,,,,,,
226,,1,,,,,,,1.0,Matt Hansen,,,,,,,,,
227,,2,,,,,,,1.0,Matt Hansen,,,,,,,,,
228,,0,,,,,,,1.0,Rob Singular,,,,,,,,,
229,,1,,,,,,,1.0,Rob Singular,,,,,,,,,
230,,2,,,,,,,1.0,Rob Singular,,,,,,,,,
231,,0,,,,,,,1.0,Valerie ,,,,,,,,,
232,,1,,,,,,,1.0,Valerie ,,,,,,,,,
233,,2,,,,,,,1.0,Valerie ,,,,,,,,,
234,,0,,,,,,,1.0,Greg Randolph,,,,,,,,,
235,,1,,,,,,,1.0,Greg Randolph,,,,,,,,,
236,,2,,,,,,,1.0,Greg Randolph,,,,,,,,,
237,,0,,,,,,,1.0,Jason Cantero,,,,,,,,,
238,,1,,,,,,,1.0,Jason Cantero,,,,,,,,,
239,,2,,,,,,,1.0,Jason Cantero,,,,,,,,,
240,,0,,,,,,,1.0,Shawn Mercy,,,,,,,,,
241,,1,,,,,,,1.0,Shawn Mercy,,,,,,,,,
242,,2,,,,,,,1.0,Shawn Mercy,,,,,,,,,
243,,0,,,,,,,1.0,Stephen Willis,,,,,,,,,
244,,1,,,,,,,1.0,Stephen Willis,,,,,,,,,
245,,2,,,,,,,1.0,Stephen Willis,,,,,,,,,
246,,0,,,,,,,1.0,Jesse Rudner,,,,,,,,,
247,,1,,,,,,,1.0,Jesse Rudner,,,,,,,,,
248,,2,,,,,,,1.0,Jesse Rudner,,,,,,,,,
249,,0,,,,,,,1.0,Art Coddington,,,,,,,,,
250,,1,,,,,,,1.0,Art Coddington,,,,,,,,,
251,,2,,,,,,,1.0,Art Coddington,,,,,,,,,
252,,0,,,,,,,1.0,Daniel Charlip-Blumlein,,,,,,,,,
253,,1,,,,,,,1.0,Daniel Charlip-Blumlein,,,,,,,,,
254,,2,,,,,,,1.0,Daniel Charlip-Blumlein,,,,,,,,,
255,,0,,,,,,,1.0,Val St. Louis,,,,,,,,,
256,,1,,,,,,,1.0,Val St. Louis,,,,,,,,,
257,,2,,,,,,,1.0,Val St. Louis,,,,,,,,,
258,,0,,,,,,,1.0,Beau Griffin,,,,,,,,,
259,,1,,,,,,,1.0,Beau Griffin,,,,,,,,,
260,,2,,,,,,,1.0,Beau Griffin,,,,,,,,,
261,,0,,,,,,,1.0,Jesse Miller,,,,,,,,,
262,,1,,,,,,,1.0,Jesse Miller,,,,,,,,,
263,,2,,,,,,,1.0,Jesse Miller,,,,,,,,,
264,,0,,,,,,,1.0,Ayton Hesterman,,,,,,,,,
265,,1,,,,,,,1.0,Ayton Hesterman,,,,,,,,,
266,,2,,,,,,,1.0,Ayton Hesterman,,,,,,,,,
267,,0,,,,,,,1.0,Craig Brown,,,,,,,,,
268,,1,,,,,,,1.0,Craig Brown,,,,,,,,,
269,,2,,,,,,,1.0,Craig Brown,,,,,,,,,
270,,0,,,,,,,1.0,Gordon Kennedy,,,,,,,,,
271,,1,,,,,,,1.0,Gordon Kennedy,,,,,,,,,
272,,2,,,,,,,1.0,Gordon Kennedy,,,,,,,,,
273,,0,,,,,,,1.0,James Bowden,,,,,,,,,
274,,1,,,,,,,1.0,James Bowden,,,,,,,,,
275,,2,,,,,,,1.0,James Bowden,,,,,,,,,
276,,0,,,,,,,1.0,Jamie Kennedy,,,,,,,,,
277,,1,,,,,,,1.0,Jamie Kennedy,,,,,,,,,
278,,2,,,,,,,1.0,Jamie Kennedy,,,,,,,,,
279,,0,,,,,,,1.0,Jeff Faes,,,,,,,,,
280,,1,,,,,,,1.0,Jeff Faes,,,,,,,,,
281,,2,,,,,,,1.0,Jeff Faes,,,,,,,,,
282,,0,,,,,,,1.0,Keek Solorio,,,,,,,,,
283,,1,,,,,,,1.0,Keek Solorio,,,,,,,,,
284,,2,,,,,,,1.0,Keek Solorio,,,,,,,,,
285,,0,,,,,,,1.0,Marc Atkinson,,,,,,,,,
286,,1,,,,,,,1.0,Marc Atkinson,,,,,,,,,
287,,2,,,,,,,1.0,Marc Atkinson,,,,,,,,,
288,,0,,,,,,,1.0,Mark Farr,,,,,,,,,
289,,1,,,,,,,1.0,Mark Farr,,,,,,,,,
290,,2,,,,,,,1.0,Mark Farr,,,,,,,,,
291,,0,,,,,,,1.0,Michael Infusino,,,,,,,,,
292,,1,,,,,,,1.0,Michael Infusino,,,,,,,,,
293,,2,,,,,,,1.0,Michael Infusino,,,,,,,,,
294,,0,,,,,,,1.0,Pat Humphreys,,,,,,,,,
295,,1,,,,,,,1.0,Pat Humphreys,,,,,,,,,
296,,2,,,,,,,1.0,Pat Humphreys,,,,,,,,,
297,,0,,,,,,,1.0,Peter Ward,,,,,,,,,
298,,1,,,,,,,1.0,Peter Ward,,,,,,,,,
299,,2,,,,,,,1.0,Peter Ward,,,,,,,,,
300,,0,,,,,,,1.0,Steven Johnson,,,,,,,,,
301,,1,,,,,,,1.0,Steven Johnson,,,,,,,,,
302,,2,,,,,,,1.0,Steven Johnson,,,,,,,,,
303,,0,,,,,,,1.0,ThomasHesterman,,,,,,,,,
304,,1,,,,,,,1.0,ThomasHesterman,,,,,,,,,
305,,2,,,,,,,1.0,ThomasHesterman,,,,,,,,,
306,,0,,,,,,,1.0,Nate Tilman,,,,,,,,,
307,,1,,,,,,,1.0,Nate Tilman,,,,,,,,,
308,,2,,,,,,,1.0,Nate Tilman,,,,,,,,,
309,,0,,,,,,,1.0,Sidharth Kumar,,,,,,,,,
310,,1,,,,,,,1.0,Sidharth Kumar,,,,,,,,,
311,,2,,,,,,,1.0,Sidharth Kumar,,,,,,,,,
312,,0,,,,,,,1.0,Zac Pape,,,,,,,,,
313,,1,,,,,,,1.0,Zac Pape,,,,,,,,,
314,-0.0,2,0.0,-0.0,-0.0,62.11764705882353,18.45674740484429,17.0,,Zac Pape,-0.0,0.0,1.8646731210173573e-17,-0.0,-0.0,-0.0,0.0,0.0,0.0
315,,0,,,,,,,1.0,Eddie Fitzsimmons,,,,,,,,,
316,,1,,,,,,,1.0,Eddie Fitzsimmons,,,,,,,,,
317,,2,,,,,,,1.0,Eddie Fitzsimmons,,,,,,,,,
318,,0,,,,,,,1.0,Erik Romme,,,,,,,,,
319,,1,,,,,,,1.0,Erik Romme,,,,,,,,,
320,,2,,,,,,,1.0,Erik Romme,,,,,,,,,
321,,0,,,,,,,1.0,Ethan Christman,,,,,,,,,
322,,1,,,,,,,1.0,Ethan Christman,,,,,,,,,
323,,2,,,,,,,1.0,Ethan Christman,,,,,,,,,
324,,0,,,,,,,1.0,Max Shannon,,,,,,,,,
325,,1,,,,,,,1.0,Max Shannon,,,,,,,,,
326,,2,,,,,,,1.0,Max Shannon,,,,,,,,,
327,,0,,,,,,,1.0,Ryan Cox,,,,,,,,,
328,,1,,,,,,,1.0,Ryan Cox,,,,,,,,,
329,,2,,,,,,,1.0,Ryan Cox,,,,,,,,,
330,,0,,,,,,,1.0,Spencer Churchill,,,,,,,,,
331,,1,,,,,,,1.0,Spencer Churchill,,,,,,,,,
332,,2,,,,,,,1.0,Spencer Churchill,,,,,,,,,
333,,0,,,,,,,1.0,Tad Thrower,,,,,,,,,
334,,1,,,,,,,1.0,Tad Thrower,,,,,,,,,
335,,2,,,,,,,1.0,Tad Thrower,,,,,,,,,
336,,0,,,,,,,1.0,Roger Cansler,,,,,,,,,
337,,1,,,,,,,1.0,Roger Cansler,,,,,,,,,
338,,2,,,,,,,1.0,Roger Cansler,,,,,,,,,
339,,0,,,,,,,1.0,Andy Nguyen,,,,,,,,,
340,,1,,,,,,,1.0,Andy Nguyen,,,,,,,,,
341,,2,,,,,,,1.0,Andy Nguyen,,,,,,,,,
342,,0,,,,,,,1.0,IV,,,,,,,,,
343,,1,,,,,,,1.0,IV,,,,,,,,,
344,,2,,,,,,,1.0,IV,,,,,,,,,
345,,0,,,,,,,1.0,Joe Kestler ,,,,,,,,,
346,,1,,,,,,,1.0,Joe Kestler ,,,,,,,,,
347,,2,,,,,,,1.0,Joe Kestler ,,,,,,,,,
348,,0,,,,,,,1.0,Travis Miranda,,,,,,,,,
349,,1,,,,,,,1.0,Travis Miranda,,,,,,,,,
350,,2,,,,,,,1.0,Travis Miranda,,,,,,,,,
351,,0,,,,,,,1.0,Vince Madigras,,,,,,,,,
352,,1,,,,,,,1.0,Vince Madigras,,,,,,,,,
353,,2,,,,,,,1.0,Vince Madigras,,,,,,,,,
354,,0,,,,,,,1.0,Soki Hagiwara,,,,,,,,,
355,,1,,,,,,,1.0,Soki Hagiwara,,,,,,,,,
356,,2,,,,,,,1.0,Soki Hagiwara,,,,,,,,,
357,,0,,,,,,,1.0,Aaron Webber,,,,,,,,,
358,,1,,,,,,,1.0,Aaron Webber,,,,,,,,,
359,,2,,,,,,,1.0,Aaron Webber,,,,,,,,,
360,,0,,,,,,,1.0,Adam Smith,,,,,,,,,
361,,1,,,,,,,1.0,Adam Smith,,,,,,,,,
362,,2,,,,,,,1.0,Adam Smith,,,,,,,,,
363,,0,,,,,,,1.0,Case Conover ,,,,,,,,,
364,,1,,,,,,,1.0,Case Conover ,,,,,,,,,
365,,2,,,,,,,1.0,Case Conover ,,,,,,,,,
366,,0,,,,,,,1.0,Chris Hart,,,,,,,,,
367,,1,,,,,,,1.0,Chris Hart,,,,,,,,,
368,,2,,,,,,,1.0,Chris Hart,,,,,,,,,
369,,0,,,,,,,1.0,Dustin Perez,,,,,,,,,
370,,1,,,,,,,1.0,Dustin Perez,,,,,,,,,
371,,2,,,,,,,1.0,Dustin Perez,,,,,,,,,
372,,0,,,,,,,1.0,Erik Mayfield,,,,,,,,,
373,,1,,,,,,,1.0,Erik Mayfield,,,,,,,,,
374,,2,,,,,,,1.0,Erik Mayfield,,,,,,,,,
375,,0,,,,,,,1.0,Greg Brezeale,,,,,,,,,
376,,1,,,,,,,1.0,Greg Brezeale,,,,,,,,,
377,,2,,,,,,,1.0,Greg Brezeale,,,,,,,,,
378,,0,,,,,,,1.0,Greg Brezeale ,,,,,,,,,
379,,1,,,,,,,1.0,Greg Brezeale ,,,,,,,,,
380,,2,,,,,,,1.0,Greg Brezeale ,,,,,,,,,
381,,0,,,,,,,1.0,Jamie Thomas,,,,,,,,,
382,,1,,,,,,,1.0,Jamie Thomas,,,,,,,,,
383,,2,,,,,,,1.0,Jamie Thomas,,,,,,,,,
384,,0,,,,,,,1.0,Jeremy Mirken,,,,,,,,,
385,,1,,,,,,,1.0,Jeremy Mirken,,,,,,,,,
386,,2,,,,,,,1.0,Jeremy Mirken,,,,,,,,,
387,,0,,,,,,,1.0,Jess Atkinson,,,,,,,,,
388,,1,,,,,,,1.0,Jess Atkinson,,,,,,,,,
389,,2,,,,,,,1.0,Jess Atkinson,,,,,,,,,
390,,0,,,,,,,1.0,Mark Anderson,,,,,,,,,
391,,1,,,,,,,1.0,Mark Anderson,,,,,,,,,
392,,2,,,,,,,1.0,Mark Anderson,,,,,,,,,
393,,0,,,,,,,1.0,Matt Neiman ,,,,,,,,,
394,,1,,,,,,,1.0,Matt Neiman ,,,,,,,,,
395,,2,,,,,,,1.0,Matt Neiman ,,,,,,,,,
396,,0,,,,,,,1.0,Mikey Alvarez,,,,,,,,,
397,,1,,,,,,,1.0,Mikey Alvarez,,,,,,,,,
398,,2,,,,,,,1.0,Mikey Alvarez,,,,,,,,,
399,,0,,,,,,,1.0,Roger Crain,,,,,,,,,
400,,1,,,,,,,1.0,Roger Crain,,,,,,,,,
401,,2,,,,,,,1.0,Roger Crain,,,,,,,,,
402,,0,,,,,,,1.0,Sean Jack,,,,,,,,,
403,,1,,,,,,,1.0,Sean Jack,,,,,,,,,
404,,2,,,,,,,1.0,Sean Jack,,,,,,,,,
405,,0,,,,,,,1.0,Seth Anderson,,,,,,,,,
406,,1,,,,,,,1.0,Seth Anderson,,,,,,,,,
407,,2,,,,,,,1.0,Seth Anderson,,,,,,,,,
408,,0,,,,,,,1.0,Seth Anderson ,,,,,,,,,
409,,1,,,,,,,1.0,Seth Anderson ,,,,,,,,,
410,,2,,,,,,,1.0,Seth Anderson ,,,,,,,,,
411,,0,,,,,,,1.0,Steven Cowboy Johnson,,,,,,,,,
412,,1,,,,,,,1.0,Steven Cowboy Johnson,,,,,,,,,
413,,2,,,,,,,1.0,Steven Cowboy Johnson,,,,,,,,,
414,,0,,,,,,,1.0,Sam Jung,,,,,,,,,
415,,1,,,,,,,1.0,Sam Jung,,,,,,,,,
416,,2,,,,,,,1.0,Sam Jung,,,,,,,,,
417,,0,,,,,,,1.0,Derek James,,,,,,,,,
418,,1,,,,,,,1.0,Derek James,,,,,,,,,
419,,2,,,,,,,1.0,Derek James,,,,,,,,,
420,,0,,,,,,,1.0,Gregg Lacomb,,,,,,,,,
421,,1,,,,,,,1.0,Gregg Lacomb,,,,,,,,,
422,,2,,,,,,,1.0,Gregg Lacomb,,,,,,,,,
423,,0,,,,,,,1.0,Ayton Hesterman ,,,,,,,,,
424,,1,,,,,,,1.0,Ayton Hesterman ,,,,,,,,,
425,,2,,,,,,,1.0,Ayton Hesterman ,,,,,,,,,
426,,0,,,,,,,1.0,Brad Hoover,,,,,,,,,
427,,1,,,,,,,1.0,Brad Hoover,,,,,,,,,
428,,2,,,,,,,1.0,Brad Hoover,,,,,,,,,
429,,0,,,,,,,1.0,Brett Buntjer,,,,,,,,,
430,,1,,,,,,,1.0,Brett Buntjer,,,,,,,,,
431,,2,,,,,,,1.0,Brett Buntjer,,,,,,,,,
432,,0,,,,,,,1.0,Carter Aasen,,,,,,,,,
433,,1,,,,,,,1.0,Carter Aasen,,,,,,,,,
434,,2,,,,,,,1.0,Carter Aasen,,,,,,,,,
435,,0,,,,,,,1.0,Eugene Gershtein,,,,,,,,,
436,,1,,,,,,,1.0,Eugene Gershtein,,,,,,,,,
437,,2,,,,,,,1.0,Eugene Gershtein,,,,,,,,,
438,,0,,,,,,,1.0,Jacob Kermish-Wells,,,,,,,,,
439,,1,,,,,,,1.0,Jacob Kermish-Wells,,,,,,,,,
440,,2,,,,,,,1.0,Jacob Kermish-Wells,,,,,,,,,
441,,0,,,,,,,1.0,Jacob Sanderson,,,,,,,,,
442,,1,,,,,,,1.0,Jacob Sanderson,,,,,,,,,
443,,2,,,,,,,1.0,Jacob Sanderson,,,,,,,,,
444,,0,,,,,,,1.0,Joe Dannels,,,,,,,,,
445,,1,,,,,,,1.0,Joe Dannels,,,,,,,,,
446,,2,,,,,,,1.0,Joe Dannels,,,,,,,,,
447,,0,,,,,,,1.0,Justin Barnard,,,,,,,,,
448,,1,,,,,,,1.0,Justin Barnard,,,,,,,,,
449,,2,,,,,,,1.0,Justin Barnard,,,,,,,,,
450,,0,,,,,,,1.0,Nico Grishkoff,,,,,,,,,
451,,1,,,,,,,1.0,Nico Grishkoff,,,,,,,,,
452,,2,,,,,,,1.0,Nico Grishkoff,,,,,,,,,
453,,0,,,,,,,1.0,Thomas Hesterman ,,,,,,,,,
454,,1,,,,,,,1.0,Thomas Hesterman ,,,,,,,,,
455,,2,,,,,,,1.0,Thomas Hesterman ,,,,,,,,,
456,,0,,,,,,,1.0,Valerie St Louis,,,,,,,,,
457,,1,,,,,,,1.0,Valerie St Louis,,,,,,,,,
458,,2,,,,,,,1.0,Valerie St Louis,,,,,,,,,
459,,0,,,,,,,1.0,Christian Eck,,,,,,,,,
460,,1,,,,,,,1.0,Christian Eck,,,,,,,,,
461,0.9561702705713382,2,-1.1577927320793815,-0.7267587107064467,0.0,49.56,4.814558571574252,25.0,,Christian Eck,0.988793326490288,0.5851807130915485,0.22814007474456127,-1.457071769542751,-0.0,-0.3692724566093158,-0.4643810246894081,0.0,0.0
462,,0,,,,,,,1.0,Adriano Rothschild,,,,,,,,,
463,,1,,,,,,,1.0,Adriano Rothschild,,,,,,,,,
464,,2,,,,,,,1.0,Adriano Rothschild,,,,,,,,,
465,,0,,,,,,,1.0,Beth Aubuchon,,,,,,,,,
466,,1,,,,,,,1.0,Beth Aubuchon,,,,,,,,,
467,,2,,,,,,,1.0,Beth Aubuchon,,,,,,,,,
468,,0,,,,,,,1.0,Brad Everett,,,,,,,,,
469,,1,,,,,,,1.0,Brad Everett,,,,,,,,,
470,,2,,,,,,,1.0,Brad Everett,,,,,,,,,
471,,0,,,,,,,1.0,Brant Willis,,,,,,,,,
472,,1,,,,,,,1.0,Brant Willis,,,,,,,,,
473,,2,,,,,,,1.0,Brant Willis,,,,,,,,,
474,,0,,,,,,,1.0,Chris Young,,,,,,,,,
475,,1,,,,,,,1.0,Chris Young,,,,,,,,,
476,,2,,,,,,,1.0,Chris Young,,,,,,,,,
477,,0,,,,,,,1.0,Christian Eck ,,,,,,,,,
478,,1,,,,,,,1.0,Christian Eck ,,,,,,,,,
479,,2,,,,,,,1.0,Christian Eck ,,,,,,,,,
480,,0,,,,,,,1.0,Dan Radosinovich,,,,,,,,,
481,,1,,,,,,,1.0,Dan Radosinovich,,,,,,,,,
482,,2,,,,,,,1.0,Dan Radosinovich,,,,,,,,,
483,,0,,,,,,,1.0,Dan Tarango,,,,,,,,,
484,,1,,,,,,,1.0,Dan Tarango,,,,,,,,,
485,,2,,,,,,,1.0,Dan Tarango,,,,,,,,,
486,,0,,,,,,,1.0,Dave McGrath,,,,,,,,,
487,,1,,,,,,,1.0,Dave McGrath,,,,,,,,,
488,,2,,,,,,,1.0,Dave McGrath,,,,,,,,,
489,,0,,,,,,,1.0,John Drago,,,,,,,,,
490,,1,,,,,,,1.0,John Drago,,,,,,,,,
491,,2,,,,,,,1.0,John Drago,,,,,,,,,
492,,0,,,,,,,1.0,Jordan Brooker,,,,,,,,,
493,,1,,,,,,,1.0,Jordan Brooker,,,,,,,,,
494,,2,,,,,,,1.0,Jordan Brooker,,,,,,,,,
495,,0,,,,,,,1.0,Juan X Bernal,,,,,,,,,
496,,1,,,,,,,1.0,Juan X Bernal,,,,,,,,,
497,,2,,,,,,,1.0,Juan X Bernal,,,,,,,,,
498,,0,,,,,,,1.0,Krystal Ricks,,,,,,,,,
499,,1,,,,,,,1.0,Krystal Ricks,,,,,,,,,
500,,2,,,,,,,1.0,Krystal Ricks,,,,,,,,,
501,,0,,,,,,,1.0,Michael Courvoisier,,,,,,,,,
502,,1,,,,,,,1.0,Michael Courvoisier,,,,,,,,,
503,,2,,,,,,,1.0,Michael Courvoisier,,,,,,,,,
504,,0,,,,,,,1.0,Nick Bang,,,,,,,,,
505,,1,,,,,,,1.0,Nick Bang,,,,,,,,,
506,,2,,,,,,,1.0,Nick Bang,,,,,,,,,
507,,0,,,,,,,1.0,Nick Fitzinger,,,,,,,,,
508,,1,,,,,,,1.0,Nick Fitzinger,,,,,,,,,
509,,2,,,,,,,1.0,Nick Fitzinger,,,,,,,,,
510,,0,,,,,,,1.0,Nick Pantages,,,,,,,,,
511,,1,,,,,,,1.0,Nick Pantages,,,,,,,,,
512,,2,,,,,,,1.0,Nick Pantages,,,,,,,,,
513,,0,,,,,,,1.0,Pat Mortonson,,,,,,,,,
514,,1,,,,,,,1.0,Pat Mortonson,,,,,,,,,
515,,2,,,,,,,1.0,Pat Mortonson,,,,,,,,,
516,,0,,,,,,,1.0,Ralph Mandarano,,,,,,,,,
517,,1,,,,,,,1.0,Ralph Mandarano,,,,,,,,,
518,,2,,,,,,,1.0,Ralph Mandarano,,,,,,,,,
519,,0,,,,,,,1.0,Sabas Gonzalez,,,,,,,,,
520,,1,,,,,,,1.0,Sabas Gonzalez,,,,,,,,,
521,,2,,,,,,,1.0,Sabas Gonzalez,,,,,,,,,
522,,0,,,,,,,1.0,Wilson Linkr,,,,,,,,,
523,,1,,,,,,,1.0,Wilson Linkr,,,,,,,,,
524,,2,,,,,,,1.0,Wilson Linkr,,,,,,,,,
525,,0,,,,,,,1.0,Yulian Kuncheff,,,,,,,,,
526,,1,,,,,,,1.0,Yulian Kuncheff,,,,,,,,,
527,,2,,,,,,,1.0,Yulian Kuncheff,,,,,,,,,
528,,0,,,,,,,1.0,Alex Bruner,,,,,,,,,
529,,1,,,,,,,1.0,Alex Bruner,,,,,,,,,
530,-0.0,2,-0.0,-0.1526980916473426,0.0,65.5,9.707375040792186,14.0,,Alex Bruner,0.0,0.3864413066767919,0.948663491183631,-0.2624300679963645,-0.0,-0.0,0.0,0.4340815199720973,0.0
531,,0,,,,,,,1.0,Daniel Greenberg,,,,,,,,,
532,,1,,,,,,,1.0,Daniel Greenberg,,,,,,,,,
533,,2,,,,,,,1.0,Daniel Greenberg,,,,,,,,,
534,,0,,,,,,,1.0,Brad Hart,,,,,,,,,
535,,1,,,,,,,1.0,Brad Hart,,,,,,,,,
536,,2,,,,,,,1.0,Brad Hart,,,,,,,,,
537,,0,,,,,,,1.0,George Williams,,,,,,,,,
538,,1,,,,,,,1.0,George Williams,,,,,,,,,
539,,2,,,,,,,1.0,George Williams,,,,,,,,,
540,,0,,,,,,,1.0,Thorin Somers,,,,,,,,,
541,,1,,,,,,,1.0,Thorin Somers,,,,,,,,,
542,,2,,,,,,,1.0,Thorin Somers,,,,,,,,,
543,,0,,,,,,,1.0,Brad from KC,,,,,,,,,
544,,1,,,,,,,1.0,Brad from KC,,,,,,,,,
545,,2,,,,,,,1.0,Brad from KC,,,,,,,,,
546,,0,,,,,,,1.0,David McGrath,,,,,,,,,
547,,1,,,,,,,1.0,David McGrath,,,,,,,,,
548,,2,,,,,,,1.0,David McGrath,,,,,,,,,
549,,0,,,,,,,1.0,Adam Viele,,,,,,,,,
550,,1,,,,,,,1.0,Adam Viele,,,,,,,,,
551,,2,,,,,,,1.0,Adam Viele,,,,,,,,,
552,-0.0,0,0.0,0.0,-0.0,63.2,7.093333333333334,15.0,,Alan Chambless,0.0,0.0,0.0,-0.0,-4.0702991799595897e-17,-0.0,0.0,0.0,0.0
553,,1,,,,,,,1.0,Alan Chambless,,,,,,,,,
554,,2,,,,,,,1.0,Alan Chambless,,,,,,,,,
555,,0,,,,,,,1.0,Alex Corstorphine,,,,,,,,,
556,,1,,,,,,,1.0,Alex Corstorphine,,,,,,,,,
557,,2,,,,,,,1.0,Alex Corstorphine,,,,,,,,,
558,0.0,0,0.0,0.0,0.0,55.4,11.04,15.0,,Andy Hale,0.0,0.0,-0.0,0.0,-0.0,-0.0,0.0,0.0,0.0
559,,1,,,,,,,1.0,Andy Hale,,,,,,,,,
560,,2,,,,,,,1.0,Andy Hale,,,,,,,,,
561,0.0,0,-0.0,0.3839788687900334,0.0,57.611111111111114,15.669978293332093,18.0,,Andy Rothschild,0.0,0.26600072762185945,-0.5812747562834902,-0.0,0.0,1.117891084004992,0.0,0.0,0.0
562,,1,,,,,,,1.0,Andy Rothschild,,,,,,,,,
563,,2,,,,,,,1.0,Andy Rothschild,,,,,,,,,
564,,0,,,,,,,1.0,Angel Diaz,,,,,,,,,
565,,1,,,,,,,1.0,Angel Diaz,,,,,,,,,
566,,2,,,,,,,1.0,Angel Diaz,,,,,,,,,
567,,0,,,,,,,1.0,Ben Fox,,,,,,,,,
568,,1,,,,,,,1.0,Ben Fox,,,,,,,,,
569,,2,,,,,,,1.0,Ben Fox,,,,,,,,,
570,,0,,,,,,,1.0,Bob Wigersma,,,,,,,,,
571,,1,,,,,,,1.0,Bob Wigersma,,,,,,,,,
572,,2,,,,,,,1.0,Bob Wigersma,,,,,,,,,
573,,0,,,,,,,1.0,Brandon Saker,,,,,,,,,
574,,1,,,,,,,1.0,Brandon Saker,,,,,,,,,
575,,2,,,,,,,1.0,Brandon Saker,,,,,,,,,
576,,0,,,,,,,1.0,Campbell Smith,,,,,,,,,
577,,1,,,,,,,1.0,Campbell Smith,,,,,,,,,
578,,2,,,,,,,1.0,Campbell Smith,,,,,,,,,
579,,0,,,,,,,1.0,Candace Romaine,,,,,,,,,
580,,1,,,,,,,1.0,Candace Romaine,,,,,,,,,
581,,2,,,,,,,1.0,Candace Romaine,,,,,,,,,
582,,0,,,,,,,1.0,Chase Lawler,,,,,,,,,
583,,1,,,,,,,1.0,Chase Lawler,,,,,,,,,
584,,2,,,,,,,1.0,Chase Lawler,,,,,,,,,
585,,0,,,,,,,1.0,Chris Rogers,,,,,,,,,
586,,1,,,,,,,1.0,Chris Rogers,,,,,,,,,
587,,2,,,,,,,1.0,Chris Rogers,,,,,,,,,
588,,0,,,,,,,1.0,Chris Vanleemput,,,,,,,,,
589,,1,,,,,,,1.0,Chris Vanleemput,,,,,,,,,
590,,2,,,,,,,1.0,Chris Vanleemput,,,,,,,,,
591,,0,,,,,,,1.0,Christian Plevin,,,,,,,,,
592,,1,,,,,,,1.0,Christian Plevin,,,,,,,,,
593,,2,,,,,,,1.0,Christian Plevin,,,,,,,,,
594,,0,,,,,,,1.0,Connor Collins,,,,,,,,,
595,,1,,,,,,,1.0,Connor Collins,,,,,,,,,
596,,2,,,,,,,1.0,Connor Collins,,,,,,,,,
597,,0,,,,,,,1.0,Cory Murrell,,,,,,,,,
598,,1,,,,,,,1.0,Cory Murrell,,,,,,,,,
599,,2,,,,,,,1.0,Cory Murrell,,,,,,,,,
600,,0,,,,,,,1.0,Craig Bostwick,,,,,,,,,
601,,1,,,,,,,1.0,Craig Bostwick,,,,,,,,,
602,,2,,,,,,,1.0,Craig Bostwick,,,,,,,,,
603,,0,,,,,,,1.0,Dale Ferreira,,,,,,,,,
604,,1,,,,,,,1.0,Dale Ferreira,,,,,,,,,
605,,2,,,,,,,1.0,Dale Ferreira,,,,,,,,,
606,,0,,,,,,,1.0,Daniel Dodell,,,,,,,,,
607,,1,,,,,,,1.0,Daniel Dodell,,,,,,,,,
608,,2,,,,,,,1.0,Daniel Dodell,,,,,,,,,
609,,0,,,,,,,1.0,Daniel Humphreys,,,,,,,,,
610,,1,,,,,,,1.0,Daniel Humphreys,,,,,,,,,
611,,2,,,,,,,1.0,Daniel Humphreys,,,,,,,,,
612,,0,,,,,,,1.0,Danny Kerfeld,,,,,,,,,
613,,1,,,,,,,1.0,Danny Kerfeld,,,,,,,,,
614,,2,,,,,,,1.0,Danny Kerfeld,,,,,,,,,
615,,0,,,,,,,1.0,David Yovino,,,,,,,,,
616,,1,,,,,,,1.0,David Yovino,,,,,,,,,
617,,2,,,,,,,1.0,David Yovino,,,,,,,,,
618,-0.0,0,0.0,0.0,-0.0,54.11764705882353,15.397923875432525,17.0,,Derek Phelan,0.0,0.0,-0.0,-0.0,-0.0,-0.0,0.0,0.0,-0.0
619,,1,,,,,,,1.0,Derek Phelan,,,,,,,,,
620,,2,,,,,,,1.0,Derek Phelan,,,,,,,,,
621,,0,,,,,,,1.0,Doug Mitchell,,,,,,,,,
622,,1,,,,,,,1.0,Doug Mitchell,,,,,,,,,
623,,2,,,,,,,1.0,Doug Mitchell,,,,,,,,,
624,,0,,,,,,,1.0,Drake Birkie,,,,,,,,,
625,,1,,,,,,,1.0,Drake Birkie,,,,,,,,,
626,,2,,,,,,,1.0,Drake Birkie,,,,,,,,,
627,0.20094280809022938,0,0.0,-0.0,0.0,58.785714285714285,16.0164933010068,14.0,,Edward Bigarani,0.0,0.18861910390350645,-0.0,0.0,-0.0,0.0,-0.0,0.33942834242968434,0.3704988900586208
628,,1,,,,,,,1.0,Edward Bigarani,,,,,,,,,
629,,2,,,,,,,1.0,Edward Bigarani,,,,,,,,,
630,,0,,,,,,,1.0,Eldridge Manchester,,,,,,,,,
631,,1,,,,,,,1.0,Eldridge Manchester,,,,,,,,,
632,,2,,,,,,,1.0,Eldridge Manchester,,,,,,,,,
633,,0,,,,,,,1.0,Eric Gough,,,,,,,,,
634,,1,,,,,,,1.0,Eric Gough,,,,,,,,,
635,,2,,,,,,,1.0,Eric Gough,,,,,,,,,
636,,0,,,,,,,1.0,Foulad Albadeh,,,,,,,,,
637,,1,,,,,,,1.0,Foulad Albadeh,,,,,,,,,
638,,2,,,,,,,1.0,Foulad Albadeh,,,,,,,,,
639,,0,,,,,,,1.0,Jason Chinn,,,,,,,,,
640,,1,,,,,,,1.0,Jason Chinn,,,,,,,,,
641,,2,,,,,,,1.0,Jason Chinn,,,,,,,,,
642,,0,,,,,,,1.0,Javier Bastidas,,,,,,,,,
643,,1,,,,,,,1.0,Javier Bastidas,,,,,,,,,
644,,2,,,,,,,1.0,Javier Bastidas,,,,,,,,,
645,,0,,,,,,,1.0,Jerry Showman,,,,,,,,,
646,,1,,,,,,,1.0,Jerry Showman,,,,,,,,,
647,,2,,,,,,,1.0,Jerry Showman,,,,,,,,,
648,,0,,,,,,,1.0,Joe Donahue,,,,,,,,,
649,,1,,,,,,,1.0,Joe Donahue,,,,,,,,,
650,,2,,,,,,,1.0,Joe Donahue,,,,,,,,,
651,,0,,,,,,,1.0,Jon Beyler,,,,,,,,,
652,,1,,,,,,,1.0,Jon Beyler,,,,,,,,,
653,,2,,,,,,,1.0,Jon Beyler,,,,,,,,,
654,,0,,,,,,,1.0,Jon Marcus,,,,,,,,,
655,,1,,,,,,,1.0,Jon Marcus,,,,,,,,,
656,,2,,,,,,,1.0,Jon Marcus,,,,,,,,,
657,,0,,,,,,,1.0,Josh Schmidt,,,,,,,,,
658,,1,,,,,,,1.0,Josh Schmidt,,,,,,,,,
659,,2,,,,,,,1.0,Josh Schmidt,,,,,,,,,
660,,0,,,,,,,1.0,Kevin Eckert,,,,,,,,,
661,,1,,,,,,,1.0,Kevin Eckert,,,,,,,,,
662,,2,,,,,,,1.0,Kevin Eckert,,,,,,,,,
663,,0,,,,,,,1.0,Leo Austin-Muehleck,,,,,,,,,
664,,1,,,,,,,1.0,Leo Austin-Muehleck,,,,,,,,,
665,,2,,,,,,,1.0,Leo Austin-Muehleck,,,,,,,,,
666,,0,,,,,,,1.0,Leon Goodstriker,,,,,,,,,
667,,1,,,,,,,1.0,Leon Goodstriker,,,,,,,,,
668,,2,,,,,,,1.0,Leon Goodstriker,,,,,,,,,
669,,0,,,,,,,1.0,Luis Ortiz,,,,,,,,,
670,,1,,,,,,,1.0,Luis Ortiz,,,,,,,,,
671,,2,,,,,,,1.0,Luis Ortiz,,,,,,,,,
672,,0,,,,,,,1.0,Luka Leskur,,,,,,,,,
673,,1,,,,,,,1.0,Luka Leskur,,,,,,,,,
674,,2,,,,,,,1.0,Luka Leskur,,,,,,,,,
675,,0,,,,,,,1.0,Luke Walton,,,,,,,,,
676,,1,,,,,,,1.0,Luke Walton,,,,,,,,,
677,,2,,,,,,,1.0,Luke Walton,,,,,,,,,
678,,0,,,,,,,1.0,Marquis Oliver,,,,,,,,,
679,,1,,,,,,,1.0,Marquis Oliver,,,,,,,,,
680,,2,,,,,,,1.0,Marquis Oliver,,,,,,,,,
681,,0,,,,,,,1.0,Martin Schuler,,,,,,,,,
682,,1,,,,,,,1.0,Martin Schuler,,,,,,,,,
683,,2,,,,,,,1.0,Martin Schuler,,,,,,,,,
684,,0,,,,,,,1.0,Matt Angel,,,,,,,,,
685,,1,,,,,,,1.0,Matt Angel,,,,,,,,,
686,,2,,,,,,,1.0,Matt Angel,,,,,,,,,
687,-0.0,0,0.0,0.0,-0.0,54.86666666666667,12.648888888888887,15.0,,Matt Brenner,-0.0,0.0,-0.0,0.0,-0.0,0.0,-0.0,0.0,0.0
688,,1,,,,,,,1.0,Matt Brenner,,,,,,,,,
689,,2,,,,,,,1.0,Matt Brenner,,,,,,,,,
690,0.0,0,0.9022292131358013,-0.0,-0.30288038948358104,59.57142857142857,5.926691200775577,14.0,,Matt Duncanson,0.04934284931527583,0.4371940526395285,0.5741933992800344,-0.0,-0.0,0.0,0.0,-0.22513586169377958,0.0
691,,1,,,,,,,1.0,Matt Duncanson,,,,,,,,,
692,,2,,,,,,,1.0,Matt Duncanson,,,,,,,,,
693,,0,,,,,,,1.0,Matthew Cowen,,,,,,,,,
694,,1,,,,,,,1.0,Matthew Cowen,,,,,,,,,
695,,2,,,,,,,1.0,Matthew Cowen,,,,,,,,,
696,,0,,,,,,,1.0,Mike Figueroa,,,,,,,,,
697,,1,,,,,,,1.0,Mike Figueroa,,,,,,,,,
698,,2,,,,,,,1.0,Mike Figueroa,,,,,,,,,
699,,0,,,,,,,1.0,Mike Hudson,,,,,,,,,
700,,1,,,,,,,1.0,Mike Hudson,,,,,,,,,
701,,2,,,,,,,1.0,Mike Hudson,,,,,,,,,
702,,0,,,,,,,1.0,Mike Ridley,,,,,,,,,
703,,1,,,,,,,1.0,Mike Ridley,,,,,,,,,
704,,2,,,,,,,1.0,Mike Ridley,,,,,,,,,
705,,0,,,,,,,1.0,Mike Sale,,,,,,,,,
706,,1,,,,,,,1.0,Mike Sale,,,,,,,,,
707,,2,,,,,,,1.0,Mike Sale,,,,,,,,,
708,,0,,,,,,,1.0,Mike Vidov,,,,,,,,,
709,,1,,,,,,,1.0,Mike Vidov,,,,,,,,,
710,,2,,,,,,,1.0,Mike Vidov,,,,,,,,,
711,,0,,,,,,,1.0,Milo Straghalis,,,,,,,,,
712,,1,,,,,,,1.0,Milo Straghalis,,,,,,,,,
713,,2,,,,,,,1.0,Milo Straghalis,,,,,,,,,
714,,0,,,,,,,1.0,Mitchell Grummon,,,,,,,,,
715,,1,,,,,,,1.0,Mitchell Grummon,,,,,,,,,
716,,2,,,,,,,1.0,Mitchell Grummon,,,,,,,,,
717,-0.0,0,0.0,0.0,-0.0,62.89473684210526,16.304709141274238,19.0,,Nellio Fontes,3.1342625769603053e-16,0.0,0.0,-0.0,-0.0,-0.0,0.0,-0.0,-0.0
718,,1,,,,,,,1.0,Nellio Fontes,,,,,,,,,
719,,2,,,,,,,1.0,Nellio Fontes,,,,,,,,,
720,-0.00033447830516189747,0,0.37061095702034585,0.01653453376605362,-0.3888463166367109,58.0,2.6200592513341676,15.0,,Niel Jones,0.5269854090798274,0.5906157419790363,0.05189022414381366,-0.24834340044129147,-0.33696173289895526,-0.3487513140817136,0.2682062820857481,-0.05411483580107178,-0.1203742920282298
721,,1,,,,,,,1.0,Niel Jones,,,,,,,,,
722,,2,,,,,,,1.0,Niel Jones,,,,,,,,,
723,,0,,,,,,,1.0,Patrick Willey,,,,,,,,,
724,,1,,,,,,,1.0,Patrick Willey,,,,,,,,,
725,,2,,,,,,,1.0,Patrick Willey,,,,,,,,,
726,,0,,,,,,,1.0,Peter Thayer,,,,,,,,,
727,,1,,,,,,,1.0,Peter Thayer,,,,,,,,,
728,,2,,,,,,,1.0,Peter Thayer,,,,,,,,,
729,,0,,,,,,,1.0,Reese Williams,,,,,,,,,
730,,1,,,,,,,1.0,Reese Williams,,,,,,,,,
731,,2,,,,,,,1.0,Reese Williams,,,,,,,,,
732,,0,,,,,,,1.0,Ron Schreier,,,,,,,,,
733,,1,,,,,,,1.0,Ron Schreier,,,,,,,,,
734,,2,,,,,,,1.0,Ron Schreier,,,,,,,,,
735,,0,,,,,,,1.0,Ross Hammond,,,,,,,,,
736,,1,,,,,,,1.0,Ross Hammond,,,,,,,,,
737,,2,,,,,,,1.0,Ross Hammond,,,,,,,,,
738,,0,,,,,,,1.0,Scooter Wilson,,,,,,,,,
739,,1,,,,,,,1.0,Scooter Wilson,,,,,,,,,
740,,2,,,,,,,1.0,Scooter Wilson,,,,,,,,,
741,,0,,,,,,,1.0,Scott McClellan,,,,,,,,,
742,,1,,,,,,,1.0,Scott McClellan,,,,,,,,,
743,,2,,,,,,,1.0,Scott McClellan,,,,,,,,,
744,-0.0,0,0.0,0.0,-0.0,60.357142857142854,22.515306122448976,14.0,,Sean Pierson,0.0,0.0,-0.0,-0.0,-0.0,0.0,0.0,-0.0,0.0
745,,1,,,,,,,1.0,Sean Pierson,,,,,,,,,
746,,2,,,,,,,1.0,Sean Pierson,,,,,,,,,
747,0.0,0,-0.0,0.0,-0.0,56.785714285714285,22.88265306122449,14.0,,Sean Saxton,0.0,0.0,-0.0,-0.0,-0.0,2.827208522421228e-17,0.0,0.0,0.0
748,,1,,,,,,,1.0,Sean Saxton,,,,,,,,,
749,,2,,,,,,,1.0,Sean Saxton,,,,,,,,,
750,,0,,,,,,,1.0,Simon Crosby,,,,,,,,,
751,,1,,,,,,,1.0,Simon Crosby,,,,,,,,,
752,,2,,,,,,,1.0,Simon Crosby,,,,,,,,,
753,,0,,,,,,,1.0,Steven P.,,,,,,,,,
754,,1,,,,,,,1.0,Steven P.,,,,,,,,,
755,,2,,,,,,,1.0,Steven P.,,,,,,,,,
756,,0,,,,,,,1.0,Travis Callahan,,,,,,,,,
757,,1,,,,,,,1.0,Travis Callahan,,,,,,,,,
758,,2,,,,,,,1.0,Travis Callahan,,,,,,,,,
759,,0,,,,,,,1.0,Val St Louis,,,,,,,,,
760,,1,,,,,,,1.0,Val St Louis,,,,,,,,,
761,,2,,,,,,,1.0,Val St Louis,,,,,,,,,
762,,0,,,,,,,1.0,Aaron Jacks,,,,,,,,,
763,,1,,,,,,,1.0,Aaron Jacks,,,,,,,,,
764,,2,,,,,,,1.0,Aaron Jacks,,,,,,,,,
765,,0,,,,,,,1.0,Aaron Sorber,,,,,,,,,
766,,1,,,,,,,1.0,Aaron Sorber,,,,,,,,,
767,,2,,,,,,,1.0,Aaron Sorber,,,,,,,,,
768,,0,,,,,,,1.0,Ashley Foust,,,,,,,,,
769,,1,,,,,,,1.0,Ashley Foust,,,,,,,,,
770,,2,,,,,,,1.0,Ashley Foust,,,,,,,,,
771,,0,,,,,,,1.0,Bob Proctor,,,,,,,,,
772,,1,,,,,,,1.0,Bob Proctor,,,,,,,,,
773,,2,,,,,,,1.0,Bob Proctor,,,,,,,,,
774,,0,,,,,,,1.0,Brandon Lohmann,,,,,,,,,
775,,1,,,,,,,1.0,Brandon Lohmann,,,,,,,,,
776,,2,,,,,,,1.0,Brandon Lohmann,,,,,,,,,
777,,0,,,,,,,1.0,Brian Repp,,,,,,,,,
778,,1,,,,,,,1.0,Brian Repp,,,,,,,,,
779,,2,,,,,,,1.0,Brian Repp,,,,,,,,,
780,,0,,,,,,,1.0,Briana Ainsley,,,,,,,,,
781,,1,,,,,,,1.0,Briana Ainsley,,,,,,,,,
782,,2,,,,,,,1.0,Briana Ainsley,,,,,,,,,
783,,0,,,,,,,1.0,Bryan Schmitz,,,,,,,,,
784,,1,,,,,,,1.0,Bryan Schmitz,,,,,,,,,
785,,2,,,,,,,1.0,Bryan Schmitz,,,,,,,,,
786,,0,,,,,,,1.0,Cheyney Steininger,,,,,,,,,
787,,1,,,,,,,1.0,Cheyney Steininger,,,,,,,,,
788,,2,,,,,,,1.0,Cheyney Steininger,,,,,,,,,
789,0.0,0,0.0,0.0,-0.0,55.92857142857143,12.35204081632653,14.0,,Chris Johengen,0.0,0.0,-0.0,-0.0,-0.0,0.0,0.0,-0.0,0.0
790,,1,,,,,,,1.0,Chris Johengen,,,,,,,,,
791,,2,,,,,,,1.0,Chris Johengen,,,,,,,,,
792,-0.0,0,0.0,0.0,-1.179096620221474e-17,57.411764705882355,19.653979238754324,17.0,,Chris Tirrell,-0.0,0.0,0.0,0.0,-0.0,0.0,-0.0,-0.0,-0.0
793,,1,,,,,,,1.0,Chris Tirrell,,,,,,,,,
794,,2,,,,,,,1.0,Chris Tirrell,,,,,,,,,
795,,0,,,,,,,1.0,Cory Sprous,,,,,,,,,
796,,1,,,,,,,1.0,Cory Sprous,,,,,,,,,
797,,2,,,,,,,1.0,Cory Sprous,,,,,,,,,
798,,0,,,,,,,1.0,Dan Santini,,,,,,,,,
799,,1,,,,,,,1.0,Dan Santini,,,,,,,,,
800,,2,,,,,,,1.0,Dan Santini,,,,,,,,,
801,,0,,,,,,,1.0,Daniel Johengen,,,,,,,,,
802,,1,,,,,,,1.0,Daniel Johengen,,,,,,,,,
803,,2,,,,,,,1.0,Daniel Johengen,,,,,,,,,
804,,0,,,,,,,1.0,Dave Van Dollen,,,,,,,,,
805,,1,,,,,,,1.0,Dave Van Dollen,,,,,,,,,
806,,2,,,,,,,1.0,Dave Van Dollen,,,,,,,,,
807,,0,,,,,,,1.0,Dennis Condos,,,,,,,,,
808,,1,,,,,,,1.0,Dennis Condos,,,,,,,,,
809,,2,,,,,,,1.0,Dennis Condos,,,,,,,,,
810,,0,,,,,,,1.0,Dmitri Kononov,,,,,,,,,
811,,1,,,,,,,1.0,Dmitri Kononov,,,,,,,,,
812,,2,,,,,,,1.0,Dmitri Kononov,,,,,,,,,
813,,0,,,,,,,1.0,Eric Leaf,,,,,,,,,
814,,1,,,,,,,1.0,Eric Leaf,,,,,,,,,
815,,2,,,,,,,1.0,Eric Leaf,,,,,,,,,
816,,0,,,,,,,1.0,Evan Kaeser,,,,,,,,,
817,,1,,,,,,,1.0,Evan Kaeser,,,,,,,,,
818,,2,,,,,,,1.0,Evan Kaeser,,,,,,,,,
819,,0,,,,,,,1.0,Glenn Murray,,,,,,,,,
820,,1,,,,,,,1.0,Glenn Murray,,,,,,,,,
821,,2,,,,,,,1.0,Glenn Murray,,,,,,,,,
822,,0,,,,,,,1.0,James Proctor,,,,,,,,,
823,,1,,,,,,,1.0,James Proctor,,,,,,,,,
824,,2,,,,,,,1.0,James Proctor,,,,,,,,,
825,,0,,,,,,,1.0,Jesse Kerfeld,,,,,,,,,
826,,1,,,,,,,1.0,Jesse Kerfeld,,,,,,,,,
827,,2,,,,,,,1.0,Jesse Kerfeld,,,,,,,,,
828,,0,,,,,,,1.0,Joe Frediani,,,,,,,,,
829,,1,,,,,,,1.0,Joe Frediani,,,,,,,,,
830,,2,,,,,,,1.0,Joe Frediani,,,,,,,,,
831,,0,,,,,,,1.0,Josh Babiak,,,,,,,,,
832,,1,,,,,,,1.0,Josh Babiak,,,,,,,,,
833,,2,,,,,,,1.0,Josh Babiak,,,,,,,,,
834,,0,,,,,,,1.0,Juan Bernal,,,,,,,,,
835,,1,,,,,,,1.0,Juan Bernal,,,,,,,,,
836,,2,,,,,,,1.0,Juan Bernal,,,,,,,,,
837,,0,,,,,,,1.0,Kevin Yoshimoto,,,,,,,,,
838,,1,,,,,,,1.0,Kevin Yoshimoto,,,,,,,,,
839,,2,,,,,,,1.0,Kevin Yoshimoto,,,,,,,,,
840,,0,,,,,,,1.0,Landyn Christopher,,,,,,,,,
841,,1,,,,,,,1.0,Landyn Christopher,,,,,,,,,
842,,2,,,,,,,1.0,Landyn Christopher,,,,,,,,,
843,,0,,,,,,,1.0,Life Gibson,,,,,,,,,
844,,1,,,,,,,1.0,Life Gibson,,,,,,,,,
845,,2,,,,,,,1.0,Life Gibson,,,,,,,,,
846,,0,,,,,,,1.0,Marco Benites,,,,,,,,,
847,,1,,,,,,,1.0,Marco Benites,,,,,,,,,
848,,2,,,,,,,1.0,Marco Benites,,,,,,,,,
849,,0,,,,,,,1.0,Michael Neylan,,,,,,,,,
850,,1,,,,,,,1.0,Michael Neylan,,,,,,,,,
851,,2,,,,,,,1.0,Michael Neylan,,,,,,,,,
852,,0,,,,,,,1.0,Mike Newton,,,,,,,,,
853,,1,,,,,,,1.0,Mike Newton,,,,,,,,,
854,,2,,,,,,,1.0,Mike Newton,,,,,,,,,
855,,0,,,,,,,1.0,Mitch Grummon,,,,,,,,,
856,,1,,,,,,,1.0,Mitch Grummon,,,,,,,,,
857,,2,,,,,,,1.0,Mitch Grummon,,,,,,,,,
858,,0,,,,,,,1.0,Sam Maurer,,,,,,,,,
859,,1,,,,,,,1.0,Sam Maurer,,,,,,,,,
860,,2,,,,,,,1.0,Sam Maurer,,,,,,,,,
861,,0,,,,,,,1.0,Samuel Jung,,,,,,,,,
862,,1,,,,,,,1.0,Samuel Jung,,,,,,,,,
863,,2,,,,,,,1.0,Samuel Jung,,,,,,,,,
864,,0,,,,,,,1.0,Sequoia Simental,,,,,,,,,
865,,1,,,,,,,1.0,Sequoia Simental,,,,,,,,,
866,,2,,,,,,,1.0,Sequoia Simental,,,,,,,,,
867,,0,,,,,,,1.0,Shifukato Yoshi,,,,,,,,,
868,,1,,,,,,,1.0,Shifukato Yoshi,,,,,,,,,
869,,2,,,,,,,1.0,Shifukato Yoshi,,,,,,,,,
870,,0,,,,,,,1.0,Steven Cole,,,,,,,,,
871,,1,,,,,,,1.0,Steven Cole,,,,,,,,,
872,,2,,,,,,,1.0,Steven Cole,,,,,,,,,
873,,0,,,,,,,1.0,Trevor Duckworth,,,,,,,,,
874,,1,,,,,,,1.0,Trevor Duckworth,,,,,,,,,
875,,2,,,,,,,1.0,Trevor Duckworth,,,,,,,,,
876,,0,,,,,,,1.0,Will Borger,,,,,,,,,
877,,1,,,,,,,1.0,Will Borger,,,,,,,,,
878,,2,,,,,,,1.0,Will Borger,,,,,,,,,
879,,0,,,,,,,1.0,Wilson Linker,,,,,,,,,
880,,1,,,,,,,1.0,Wilson Linker,,,,,,,,,
881,,2,,,,,,,1.0,Wilson Linker,,,,,,,,,
882,,0,,,,,,,1.0,Joe Doanahue,,,,,,,,,
883,,1,,,,,,,1.0,Joe Doanahue,,,,,,,,,
884,,2,,,,,,,1.0,Joe Doanahue,,,,,,,,,
885,,0,,,,,,,1.0,Andrew Monbouquette,,,,,,,,,
886,,1,,,,,,,1.0,Andrew Monbouquette,,,,,,,,,
887,,2,,,,,,,1.0,Andrew Monbouquette,,,,,,,,,
888,,0,,,,,,,1.0,Anthony Nicolay,,,,,,,,,
889,,1,,,,,,,1.0,Anthony Nicolay,,,,,,,,,
890,,2,,,,,,,1.0,Anthony Nicolay,,,,,,,,,
891,,0,,,,,,,1.0,Booth Burrows,,,,,,,,,
892,,1,,,,,,,1.0,Booth Burrows,,,,,,,,,
893,,2,,,,,,,1.0,Booth Burrows,,,,,,,,,
894,,0,,,,,,,1.0,Dave Burnham,,,,,,,,,
895,,1,,,,,,,1.0,Dave Burnham,,,,,,,,,
896,,2,,,,,,,1.0,Dave Burnham,,,,,,,,,
897,,0,,,,,,,1.0,Dave Headd,,,,,,,,,
898,,1,,,,,,,1.0,Dave Headd,,,,,,,,,
899,,2,,,,,,,1.0,Dave Headd,,,,,,,,,
900,,0,,,,,,,1.0,Eric Roth,,,,,,,,,
901,,1,,,,,,,1.0,Eric Roth,,,,,,,,,
902,,2,,,,,,,1.0,Eric Roth,,,,,,,,,
903,,0,,,,,,,1.0,Frankie Doherty,,,,,,,,,
904,,1,,,,,,,1.0,Frankie Doherty,,,,,,,,,
905,,2,,,,,,,1.0,Frankie Doherty,,,,,,,,,
906,,0,,,,,,,1.0,Grant Barr,,,,,,,,,
907,,1,,,,,,,1.0,Grant Barr,,,,,,,,,
908,,2,,,,,,,1.0,Grant Barr,,,,,,,,,
909,-0.0,0,-0.0,-0.0,-0.0,52.6,10.24,15.0,,Harper Alexander,0.0,0.0,-0.0,0.0,-0.0,0.0,-0.0,-0.0,0.0
910,,1,,,,,,,1.0,Harper Alexander,,,,,,,,,
911,,2,,,,,,,1.0,Harper Alexander,,,,,,,,,
912,,0,,,,,,,1.0,Jamie Williams,,,,,,,,,
913,,1,,,,,,,1.0,Jamie Williams,,,,,,,,,
914,,2,,,,,,,1.0,Jamie Williams,,,,,,,,,
915,,0,,,,,,,1.0,Joe Canose,,,,,,,,,
916,,1,,,,,,,1.0,Joe Canose,,,,,,,,,
917,,2,,,,,,,1.0,Joe Canose,,,,,,,,,
918,,0,,,,,,,1.0,Jon Toby,,,,,,,,,
919,,1,,,,,,,1.0,Jon Toby,,,,,,,,,
920,,2,,,,,,,1.0,Jon Toby,,,,,,,,,
921,,0,,,,,,,1.0,Juni Martins,,,,,,,,,
922,,1,,,,,,,1.0,Juni Martins,,,,,,,,,
923,,2,,,,,,,1.0,Juni Martins,,,,,,,,,
924,,0,,,,,,,1.0,Justin Box,,,,,,,,,
925,,1,,,,,,,1.0,Justin Box,,,,,,,,,
926,,2,,,,,,,1.0,Justin Box,,,,,,,,,
927,,0,,,,,,,1.0,Kevin Smeds,,,,,,,,,
928,,1,,,,,,,1.0,Kevin Smeds,,,,,,,,,
929,,2,,,,,,,1.0,Kevin Smeds,,,,,,,,,
930,,0,,,,,,,1.0,Lance Landgren,,,,,,,,,
931,,1,,,,,,,1.0,Lance Landgren,,,,,,,,,
932,,2,,,,,,,1.0,Lance Landgren,,,,,,,,,
933,,0,,,,,,,1.0,Lucas Walton,,,,,,,,,
934,,1,,,,,,,1.0,Lucas Walton,,,,,,,,,
935,,2,,,,,,,1.0,Lucas Walton,,,,,,,,,
936,,0,,,,,,,1.0,Luis Villalobos,,,,,,,,,
937,,1,,,,,,,1.0,Luis Villalobos,,,,,,,,,
938,,2,,,,,,,1.0,Luis Villalobos,,,,,,,,,
939,,0,,,,,,,1.0,Mark Patnode,,,,,,,,,
940,,1,,,,,,,1.0,Mark Patnode,,,,,,,,,
941,,2,,,,,,,1.0,Mark Patnode,,,,,,,,,
942,,0,,,,,,,1.0,Mick Coronel,,,,,,,,,
943,,1,,,,,,,1.0,Mick Coronel,,,,,,,,,
944,,2,,,,,,,1.0,Mick Coronel,,,,,,,,,
945,,0,,,,,,,1.0,Mike Gilman,,,,,,,,,
946,,1,,,,,,,1.0,Mike Gilman,,,,,,,,,
947,,2,,,,,,,1.0,Mike Gilman,,,,,,,,,
948,,0,,,,,,,1.0,Roth Roeun,,,,,,,,,
949,,1,,,,,,,1.0,Roth Roeun,,,,,,,,,
950,,2,,,,,,,1.0,Roth Roeun,,,,,,,,,
951,,0,,,,,,,1.0,"Scott ""Bizzle"" Badovick",,,,,,,,,
952,,1,,,,,,,1.0,"Scott ""Bizzle"" Badovick",,,,,,,,,
953,,2,,,,,,,1.0,"Scott ""Bizzle"" Badovick",,,,,,,,,
954,-0.0,0,-0.0,0.0,-0.0,51.785714285714285,12.73979591836735,14.0,,Todd Kurnat,-0.0,0.0,-0.0,-0.0,0.0,0.0,0.0,-0.0,-0.0
955,,1,,,,,,,1.0,Todd Kurnat,,,,,,,,,
956,,2,,,,,,,1.0,Todd Kurnat,,,,,,,,,
957,,0,,,,,,,1.0,Alan Musselman,,,,,,,,,
958,,1,,,,,,,1.0,Alan Musselman,,,,,,,,,
959,,2,,,,,,,1.0,Alan Musselman,,,,,,,,,
960,,0,,,,,,,1.0,Chris Morrissey,,,,,,,,,
961,,1,,,,,,,1.0,Chris Morrissey,,,,,,,,,
962,,2,,,,,,,1.0,Chris Morrissey,,,,,,,,,
963,,0,,,,,,,1.0,Erica Norton,,,,,,,,,
964,,1,,,,,,,1.0,Erica Norton,,,,,,,,,
965,,2,,,,,,,1.0,Erica Norton,,,,,,,,,
966,,0,,,,,,,1.0,Filipe Wong,,,,,,,,,
967,,1,,,,,,,1.0,Filipe Wong,,,,,,,,,
968,,2,,,,,,,1.0,Filipe Wong,,,,,,,,,
969,,0,,,,,,,1.0,Jake Ward,,,,,,,,,
970,,1,,,,,,,1.0,Jake Ward,,,,,,,,,
971,,2,,,,,,,1.0,Jake Ward,,,,,,,,,
972,,0,,,,,,,1.0,Kelvin Preciado,,,,,,,,,
973,,1,,,,,,,1.0,Kelvin Preciado,,,,,,,,,
974,,2,,,,,,,1.0,Kelvin Preciado,,,,,,,,,
975,,0,,,,,,,1.0,Lefty Stone,,,,,,,,,
976,,1,,,,,,,1.0,Lefty Stone,,,,,,,,,
977,,2,,,,,,,1.0,Lefty Stone,,,,,,,,,
978,,0,,,,,,,1.0,Nathan La Chance,,,,,,,,,
979,,1,,,,,,,1.0,Nathan La Chance,,,,,,,,,
980,,2,,,,,,,1.0,Nathan La Chance,,,,,,,,,
981,,0,,,,,,,1.0,Nick Hafeman,,,,,,,,,
982,,1,,,,,,,1.0,Nick Hafeman,,,,,,,,,
983,,2,,,,,,,1.0,Nick Hafeman,,,,,,,,,
984,,0,,,,,,,1.0,Nick Norena,,,,,,,,,
985,,1,,,,,,,1.0,Nick Norena,,,,,,,,,
986,,2,,,,,,,1.0,Nick Norena,,,,,,,,,
987,,0,,,,,,,1.0,Ricky Creelman,,,,,,,,,
988,,1,,,,,,,1.0,Ricky Creelman,,,,,,,,,
989,,2,,,,,,,1.0,Ricky Creelman,,,,,,,,,
990,,0,,,,,,,1.0,Ron Hanhy,,,,,,,,,
991,,1,,,,,,,1.0,Ron Hanhy,,,,,,,,,
992,,2,,,,,,,1.0,Ron Hanhy,,,,,,,,,
993,,0,,,,,,,1.0,Scott Maxey,,,,,,,,,
994,,1,,,,,,,1.0,Scott Maxey,,,,,,,,,
995,,2,,,,,,,1.0,Scott Maxey,,,,,,,,,
996,,0,,,,,,,1.0,Scott McClafin,,,,,,,,,
997,,1,,,,,,,1.0,Scott McClafin,,,,,,,,,
998,,2,,,,,,,1.0,Scott McClafin,,,,,,,,,
999,,0,,,,,,,1.0,Wolf Gaudchau,,,,,,,,,
1000,,1,,,,,,,1.0,Wolf Gaudchau,,,,,,,,,
1001,,2,,,,,,,1.0,Wolf Gaudchau,,,,,,,,,
1002,,0,,,,,,,1.0,Carlos Bagan,,,,,,,,,
1003,,1,,,,,,,1.0,Carlos Bagan,,,,,,,,,
1004,,2,,,,,,,1.0,Carlos Bagan,,,,,,,,,
1005,,0,,,,,,,1.0,Dan Harris,,,,,,,,,
1006,,1,,,,,,,1.0,Dan Harris,,,,,,,,,
1007,,2,,,,,,,1.0,Dan Harris,,,,,,,,,
1008,,0,,,,,,,1.0,Dillon Donovan,,,,,,,,,
1009,,1,,,,,,,1.0,Dillon Donovan,,,,,,,,,
1010,,2,,,,,,,1.0,Dillon Donovan,,,,,,,,,
1011,,0,,,,,,,1.0,Dreet Koiv,,,,,,,,,
1012,,1,,,,,,,1.0,Dreet Koiv,,,,,,,,,
1013,,2,,,,,,,1.0,Dreet Koiv,,,,,,,,,
1014,,0,,,,,,,1.0,Jake Forrer,,,,,,,,,
1015,,1,,,,,,,1.0,Jake Forrer,,,,,,,,,
1016,,2,,,,,,,1.0,Jake Forrer,,,,,,,,,
1017,,0,,,,,,,1.0,James Teets,,,,,,,,,
1018,,1,,,,,,,1.0,James Teets,,,,,,,,,
1019,,2,,,,,,,1.0,James Teets,,,,,,,,,
1020,,0,,,,,,,1.0,Life GIbson,,,,,,,,,
1021,,1,,,,,,,1.0,Life GIbson,,,,,,,,,
1022,,2,,,,,,,1.0,Life GIbson,,,,,,,,,
1023,,0,,,,,,,1.0,Marquis Mallen,,,,,,,,,
1024,,1,,,,,,,1.0,Marquis Mallen,,,,,,,,,
1025,,2,,,,,,,1.0,Marquis Mallen,,,,,,,,,
1026,,0,,,,,,,1.0,Mike GIlman,,,,,,,,,
1027,,1,,,,,,,1.0,Mike GIlman,,,,,,,,,
1028,,2,,,,,,,1.0,Mike GIlman,,,,,,,,,
1029,,0,,,,,,,1.0,Patrick Wiley,,,,,,,,,
1030,,1,,,,,,,1.0,Patrick Wiley,,,,,,,,,
1031,,2,,,,,,,1.0,Patrick Wiley,,,,,,,,,
1032,,0,,,,,,,1.0,Ron Bohn,,,,,,,,,
1033,,1,,,,,,,1.0,Ron Bohn,,,,,,,,,
1034,,2,,,,,,,1.0,Ron Bohn,,,,,,,,,
1035,,0,,,,,,,1.0,Thor Scordelis,,,,,,,,,
1036,,1,,,,,,,1.0,Thor Scordelis,,,,,,,,,
1037,,2,,,,,,,1.0,Thor Scordelis,,,,,,,,,
1038,,0,,,,,,,1.0,Viento Nieto,,,,,,,,,
1039,,1,,,,,,,1.0,Viento Nieto,,,,,,,,,
1040,,2,,,,,,,1.0,Viento Nieto,,,,,,,,,
1041,,0,,,,,,,1.0,William Jerpe,,,,,,,,,
1042,,1,,,,,,,1.0,William Jerpe,,,,,,,,,
1043,,2,,,,,,,1.0,William Jerpe,,,,,,,,,
1044,,0,,,,,,,1.0,Alex Georgopoulos,,,,,,,,,
1045,,1,,,,,,,1.0,Alex Georgopoulos,,,,,,,,,
1046,,2,,,,,,,1.0,Alex Georgopoulos,,,,,,,,,
1047,,0,,,,,,,1.0,Andy Martilla,,,,,,,,,
1048,,1,,,,,,,1.0,Andy Martilla,,,,,,,,,
1049,,2,,,,,,,1.0,Andy Martilla,,,,,,,,,
1050,,0,,,,,,,1.0,Bill Shea,,,,,,,,,
1051,,1,,,,,,,1.0,Bill Shea,,,,,,,,,
1052,,2,,,,,,,1.0,Bill Shea,,,,,,,,,
1053,,0,,,,,,,1.0,Brent Allard,,,,,,,,,
1054,,1,,,,,,,1.0,Brent Allard,,,,,,,,,
1055,,2,,,,,,,1.0,Brent Allard,,,,,,,,,
1056,,0,,,,,,,1.0,Brett Allen,,,,,,,,,
1057,,1,,,,,,,1.0,Brett Allen,,,,,,,,,
1058,,2,,,,,,,1.0,Brett Allen,,,,,,,,,
1059,,0,,,,,,,1.0,Daniel Moroney,,,,,,,,,
1060,,1,,,,,,,1.0,Daniel Moroney,,,,,,,,,
1061,,2,,,,,,,1.0,Daniel Moroney,,,,,,,,,
1062,,0,,,,,,,1.0,Daniel Tarango,,,,,,,,,
1063,,1,,,,,,,1.0,Daniel Tarango,,,,,,,,,
1064,,2,,,,,,,1.0,Daniel Tarango,,,,,,,,,
1065,,0,,,,,,,1.0,Jason Tindell,,,,,,,,,
1066,,1,,,,,,,1.0,Jason Tindell,,,,,,,,,
1067,,2,,,,,,,1.0,Jason Tindell,,,,,,,,,
1068,,0,,,,,,,1.0,Nick Klein,,,,,,,,,
1069,,1,,,,,,,1.0,Nick Klein,,,,,,,,,
1070,,2,,,,,,,1.0,Nick Klein,,,,,,,,,
1071,,0,,,,,,,1.0,Patrick Humphreys,,,,,,,,,
1072,,1,,,,,,,1.0,Patrick Humphreys,,,,,,,,,
1073,,2,,,,,,,1.0,Patrick Humphreys,,,,,,,,,
1074,,0,,,,,,,1.0,Randy Waters,,,,,,,,,
1075,,1,,,,,,,1.0,Randy Waters,,,,,,,,,
1076,,2,,,,,,,1.0,Randy Waters,,,,,,,,,
1077,,0,,,,,,,1.0,Ryan Santos,,,,,,,,,
1078,,1,,,,,,,1.0,Ryan Santos,,,,,,,,,
1079,,2,,,,,,,1.0,Ryan Santos,,,,,,,,,
1080,,0,,,,,,,1.0,Vince Cervantes,,,,,,,,,
1081,,1,,,,,,,1.0,Vince Cervantes,,,,,,,,,
1082,,2,,,,,,,1.0,Vince Cervantes,,,,,,,,,
1083,,0,,,,,,,1.0,Matt Gibb,,,,,,,,,
1084,,1,,,,,,,1.0,Matt Gibb,,,,,,,,,
1085,,2,,,,,,,1.0,Matt Gibb,,,,,,,,,
1086,,0,,,,,,,1.0,Matt Shustack,,,,,,,,,
1087,,1,,,,,,,1.0,Matt Shustack,,,,,,,,,
1088,,2,,,,,,,1.0,Matt Shustack,,,,,,,,,
1089,,0,,,,,,,1.0,Patrick Whitesell,,,,,,,,,
1090,,1,,,,,,,1.0,Patrick Whitesell,,,,,,,,,
1091,,2,,,,,,,1.0,Patrick Whitesell,,,,,,,,,
1092,,0,,,,,,,1.0,Putnam Daily,,,,,,,,,
1093,,1,,,,,,,1.0,Putnam Daily,,,,,,,,,
1094,,2,,,,,,,1.0,Putnam Daily,,,,,,,,,
1095,,0,,,,,,,1.0,Tim Deweerd,,,,,,,,,
1096,,1,,,,,,,1.0,Tim Deweerd,,,,,,,,,
1097,,2,,,,,,,1.0,Tim Deweerd,,,,,,,,,
1098,,0,,,,,,,1.0,Torrey Tuft,,,,,,,,,
1099,,1,,,,,,,1.0,Torrey Tuft,,,,,,,,,
1100,,2,,,,,,,1.0,Torrey Tuft,,,,,,,,,
1101,,0,,,,,,,1.0,Patrick Humphries,,,,,,,,,
1102,,1,,,,,,,1.0,Patrick Humphries,,,,,,,,,
1103,,2,,,,,,,1.0,Patrick Humphries,,,,,,,,,
1104,,0,,,,,,,1.0,Andy Leaf,,,,,,,,,
1105,,1,,,,,,,1.0,Andy Leaf,,,,,,,,,
1106,,2,,,,,,,1.0,Andy Leaf,,,,,,,,,
1107,,0,,,,,,,1.0,Bill Emmack,,,,,,,,,
1108,,1,,,,,,,1.0,Bill Emmack,,,,,,,,,
1109,,2,,,,,,,1.0,Bill Emmack,,,,,,,,,
1110,,0,,,,,,,1.0,Blake Riggs,,,,,,,,,
1111,,1,,,,,,,1.0,Blake Riggs,,,,,,,,,
1112,,2,,,,,,,1.0,Blake Riggs,,,,,,,,,
1113,,0,,,,,,,1.0,Brad Donahue,,,,,,,,,
1114,,1,,,,,,,1.0,Brad Donahue,,,,,,,,,
1115,,2,,,,,,,1.0,Brad Donahue,,,,,,,,,
1116,,0,,,,,,,1.0,Carlos Pagan,,,,,,,,,
1117,,1,,,,,,,1.0,Carlos Pagan,,,,,,,,,
1118,,2,,,,,,,1.0,Carlos Pagan,,,,,,,,,
1119,,0,,,,,,,1.0,Christian Conners,,,,,,,,,
1120,,1,,,,,,,1.0,Christian Conners,,,,,,,,,
1121,,2,,,,,,,1.0,Christian Conners,,,,,,,,,
1122,,0,,,,,,,1.0,Dino Papagni,,,,,,,,,
1123,,1,,,,,,,1.0,Dino Papagni,,,,,,,,,
1124,,2,,,,,,,1.0,Dino Papagni,,,,,,,,,
1125,,0,,,,,,,1.0,Ike Seneca,,,,,,,,,
1126,,1,,,,,,,1.0,Ike Seneca,,,,,,,,,
1127,,2,,,,,,,1.0,Ike Seneca,,,,,,,,,
1128,,0,,,,,,,1.0,Nathan Vizcarra,,,,,,,,,
1129,,1,,,,,,,1.0,Nathan Vizcarra,,,,,,,,,
1130,,2,,,,,,,1.0,Nathan Vizcarra,,,,,,,,,
1131,,0,,,,,,,1.0,Schuylar Fairris,,,,,,,,,
1132,,1,,,,,,,1.0,Schuylar Fairris,,,,,,,,,
1133,,2,,,,,,,1.0,Schuylar Fairris,,,,,,,,,
1134,,0,,,,,,,1.0,Shelby Klein,,,,,,,,,
1135,,1,,,,,,,1.0,Shelby Klein,,,,,,,,,
1136,,2,,,,,,,1.0,Shelby Klein,,,,,,,,,
1137,,0,,,,,,,1.0,Ryan Nepomuceno,,,,,,,,,
1138,,1,,,,,,,1.0,Ryan Nepomuceno,,,,,,,,,
1139,,2,,,,,,,1.0,Ryan Nepomuceno,,,,,,,,,
1140,,0,,,,,,,1.0,Albert Sandoval,,,,,,,,,
1141,,1,,,,,,,1.0,Albert Sandoval,,,,,,,,,
1142,,2,,,,,,,1.0,Albert Sandoval,,,,,,,,,
1143,,0,,,,,,,1.0,Ben Miller,,,,,,,,,
1144,,1,,,,,,,1.0,Ben Miller,,,,,,,,,
1145,,2,,,,,,,1.0,Ben Miller,,,,,,,,,
1146,,0,,,,,,,1.0,Chris Butterworth,,,,,,,,,
1147,,1,,,,,,,1.0,Chris Butterworth,,,,,,,,,
1148,,2,,,,,,,1.0,Chris Butterworth,,,,,,,,,
1149,,0,,,,,,,1.0,Jabir Ponce,,,,,,,,,
1150,,1,,,,,,,1.0,Jabir Ponce,,,,,,,,,
1151,,2,,,,,,,1.0,Jabir Ponce,,,,,,,,,
1152,,0,,,,,,,1.0,Julius Winckler,,,,,,,,,
1153,,1,,,,,,,1.0,Julius Winckler,,,,,,,,,
1154,,2,,,,,,,1.0,Julius Winckler,,,,,,,,,
1155,,0,,,,,,,1.0,Michael Lopez,,,,,,,,,
1156,,1,,,,,,,1.0,Michael Lopez,,,,,,,,,
1157,,2,,,,,,,1.0,Michael Lopez,,,,,,,,,
1158,,0,,,,,,,1.0,Rich Korach,,,,,,,,,
1159,,1,,,,,,,1.0,Rich Korach,,,,,,,,,
1160,,2,,,,,,,1.0,Rich Korach,,,,,,,,,
1161,,0,,,,,,,1.0,Richard Smith,,,,,,,,,
1162,,1,,,,,,,1.0,Richard Smith,,,,,,,,,
1163,,2,,,,,,,1.0,Richard Smith,,,,,,,,,
1164,,0,,,,,,,1.0,Scott Snyder,,,,,,,,,
1165,,1,,,,,,,1.0,Scott Snyder,,,,,,,,,
1166,,2,,,,,,,1.0,Scott Snyder,,,,,,,,,
1167,,0,,,,,,,1.0,Sean Frick,,,,,,,,,
1168,,1,,,,,,,1.0,Sean Frick,,,,,,,,,
1169,,2,,,,,,,1.0,Sean Frick,,,,,,,,,
1170,,0,,,,,,,1.0,Stephen Siegman,,,,,,,,,
1171,,1,,,,,,,1.0,Stephen Siegman,,,,,,,,,
1172,,2,,,,,,,1.0,Stephen Siegman,,,,,,,,,
1173,,0,,,,,,,1.0,Warren Sedar,,,,,,,,,
1174,,1,,,,,,,1.0,Warren Sedar,,,,,,,,,
1175,,2,,,,,,,1.0,Warren Sedar,,,,,,,,,
1176,,0,,,,,,,1.0,Andrew Stockdale,,,,,,,,,
1177,,1,,,,,,,1.0,Andrew Stockdale,,,,,,,,,
1178,,2,,,,,,,1.0,Andrew Stockdale,,,,,,,,,
1179,,0,,,,,,,1.0,Dan Goodman,,,,,,,,,
1180,,1,,,,,,,1.0,Dan Goodman,,,,,,,,,
1181,,2,,,,,,,1.0,Dan Goodman,,,,,,,,,
1182,,0,,,,,,,1.0,Kris Mickelson,,,,,,,,,
1183,,1,,,,,,,1.0,Kris Mickelson,,,,,,,,,
1184,,2,,,,,,,1.0,Kris Mickelson,,,,,,,,,
1185,,0,,,,,,,1.0,Dimitri Kononov,,,,,,,,,
1186,,1,,,,,,,1.0,Dimitri Kononov,,,,,,,,,
1187,,2,,,,,,,1.0,Dimitri Kononov,,,,,,,,,
1188,,0,,,,,,,1.0,Liz Vance,,,,,,,,,
1189,,1,,,,,,,1.0,Liz Vance,,,,,,,,,
1190,,2,,,,,,,1.0,Liz Vance,,,,,,,,,
1191,,0,,,,,,,1.0,Mike Mardigras,,,,,,,,,
1192,,1,,,,,,,1.0,Mike Mardigras,,,,,,,,,
1193,,2,,,,,,,1.0,Mike Mardigras,,,,,,,,,
1194,,0,,,,,,,1.0,Roji Behr,,,,,,,,,
1195,,1,,,,,,,1.0,Roji Behr,,,,,,,,,
1196,,2,,,,,,,1.0,Roji Behr,,,,,,,,,
1197,,0,,,,,,,1.0,Ryan Nixon,,,,,,,,,
1198,,1,,,,,,,1.0,Ryan Nixon,,,,,,,,,
1199,,2,,,,,,,1.0,Ryan Nixon,,,,,,,,,
1200,,0,,,,,,,1.0,Shea Grabost,,,,,,,,,
1201,,1,,,,,,,1.0,Shea Grabost,,,,,,,,,
1202,,2,,,,,,,1.0,Shea Grabost,,,,,,,,,
1203,,0,,,,,,,1.0,Denise Schreiner,,,,,,,,,
1204,,1,,,,,,,1.0,Denise Schreiner,,,,,,,,,
1205,,2,,,,,,,1.0,Denise Schreiner,,,,,,,,,
1206,,0,,,,,,,1.0,Matt Schreiner,,,,,,,,,
1207,,1,,,,,,,1.0,Matt Schreiner,,,,,,,,,
1208,,2,,,,,,,1.0,Matt Schreiner,,,,,,,,,
1209,,0,,,,,,,1.0,Bert Williams,,,,,,,,,
1210,,1,,,,,,,1.0,Bert Williams,,,,,,,,,
1211,,2,,,,,,,1.0,Bert Williams,,,,,,,,,
1212,,0,,,,,,,1.0,Daniel Kimble,,,,,,,,,
1213,,1,,,,,,,1.0,Daniel Kimble,,,,,,,,,
1214,,2,,,,,,,1.0,Daniel Kimble,,,,,,,,,
1215,,0,,,,,,,1.0,James Juarez,,,,,,,,,
1216,,1,,,,,,,1.0,James Juarez,,,,,,,,,
1217,,2,,,,,,,1.0,James Juarez,,,,,,,,,
1218,,0,,,,,,,1.0,Joe Martinez,,,,,,,,,
1219,,1,,,,,,,1.0,Joe Martinez,,,,,,,,,
1220,,2,,,,,,,1.0,Joe Martinez,,,,,,,,,
1221,,0,,,,,,,1.0,Joe canose,,,,,,,,,
1222,,1,,,,,,,1.0,Joe canose,,,,,,,,,
1223,,2,,,,,,,1.0,Joe canose,,,,,,,,,
1224,,0,,,,,,,1.0,Pento Malekzadeh,,,,,,,,,
1225,,1,,,,,,,1.0,Pento Malekzadeh,,,,,,,,,
1226,,2,,,,,,,1.0,Pento Malekzadeh,,,,,,,,,
1227,,0,,,,,,,1.0,Tom Murtiashaw,,,,,,,,,
1228,,1,,,,,,,1.0,Tom Murtiashaw,,,,,,,,,
1229,,2,,,,,,,1.0,Tom Murtiashaw,,,,,,,,,
1230,,0,,,,,,,1.0,Daniel Murrieta,,,,,,,,,
1231,,1,,,,,,,1.0,Daniel Murrieta,,,,,,,,,
1232,,2,,,,,,,1.0,Daniel Murrieta,,,,,,,,,
1233,,0,,,,,,,1.0,Kenny Glassman,,,,,,,,,
1234,,1,,,,,,,1.0,Kenny Glassman,,,,,,,,,
1235,,2,,,,,,,1.0,Kenny Glassman,,,,,,,,,
1236,,0,,,,,,,1.0,Kevin Parkhurst,,,,,,,,,
1237,,1,,,,,,,1.0,Kevin Parkhurst,,,,,,,,,
1238,,2,,,,,,,1.0,Kevin Parkhurst,,,,,,,,,
1239,,0,,,,,,,1.0,Mad Mike Loftin,,,,,,,,,
1240,,1,,,,,,,1.0,Mad Mike Loftin,,,,,,,,,
1241,,2,,,,,,,1.0,Mad Mike Loftin,,,,,,,,,
1242,,0,,,,,,,1.0,John Opsal,,,,,,,,,
1243,,1,,,,,,,1.0,John Opsal,,,,,,,,,
1244,,2,,,,,,,1.0,John Opsal,,,,,,,,,
1245,,0,,,,,,,1.0,Nick Cheney,,,,,,,,,
1246,,1,,,,,,,1.0,Nick Cheney,,,,,,,,,
1247,,2,,,,,,,1.0,Nick Cheney,,,,,,,,,
1248,,0,,,,,,,1.0,Oliver Uribe,,,,,,,,,
1249,,1,,,,,,,1.0,Oliver Uribe,,,,,,,,,
1250,,2,,,,,,,1.0,Oliver Uribe,,,,,,,,,
1251,,0,,,,,,,1.0,Rob Levander,,,,,,,,,
1252,,1,,,,,,,1.0,Rob Levander,,,,,,,,,
1253,,2,,,,,,,1.0,Rob Levander,,,,,,,,,
1254,,0,,,,,,,1.0,Sylvain Pelletier,,,,,,,,,
1255,,1,,,,,,,1.0,Sylvain Pelletier,,,,,,,,,
1256,,2,,,,,,,1.0,Sylvain Pelletier,,,,,,,,,
1257,,0,,,,,,,1.0,Troy Heine,,,,,,,,,
1258,,1,,,,,,,1.0,Troy Heine,,,,,,,,,
1259,,2,,,,,,,1.0,Troy Heine,,,,,,,,,
1260,,0,,,,,,,1.0,Wes Miller,,,,,,,,,
1261,,1,,,,,,,1.0,Wes Miller,,,,,,,,,
1262,,2,,,,,,,1.0,Wes Miller,,,,,,,,,
1263,,0,,,,,,,1.0,Aaron Keigher,,,,,,,,,
1264,,1,,,,,,,1.0,Aaron Keigher,,,,,,,,,
1265,,2,,,,,,,1.0,Aaron Keigher,,,,,,,,,
1266,,0,,,,,,,1.0,Misha Wilkinson,,,,,,,,,
1267,,1,,,,,,,1.0,Misha Wilkinson,,,,,,,,,
1268,,2,,,,,,,1.0,Misha Wilkinson,,,,,,,,,
1269,,0,,,,,,,1.0,Tristan Kolkhorst,,,,,,,,,
1270,,1,,,,,,,1.0,Tristan Kolkhorst,,,,,,,,,
1271,,2,,,,,,,1.0,Tristan Kolkhorst,,,,,,,,,
1272,,0,,,,,,,1.0,Bella Brenner,,,,,,,,,
1273,,1,,,,,,,1.0,Bella Brenner,,,,,,,,,
1274,,2,,,,,,,1.0,Bella Brenner,,,,,,,,,
1275,,0,,,,,,,1.0,Brent Snead,,,,,,,,,
1276,,1,,,,,,,1.0,Brent Snead,,,,,,,,,
1277,,2,,,,,,,1.0,Brent Snead,,,,,,,,,
1278,,0,,,,,,,1.0,Devon Saucedo,,,,,,,,,
1279,,1,,,,,,,1.0,Devon Saucedo,,,,,,,,,
1280,,2,,,,,,,1.0,Devon Saucedo,,,,,,,,,
1281,,0,,,,,,,1.0,Drew Stancliffe,,,,,,,,,
1282,,1,,,,,,,1.0,Drew Stancliffe,,,,,,,,,
1283,,2,,,,,,,1.0,Drew Stancliffe,,,,,,,,,
1284,,0,,,,,,,1.0,Erik Rommz,,,,,,,,,
1285,,1,,,,,,,1.0,Erik Rommz,,,,,,,,,
1286,,2,,,,,,,1.0,Erik Rommz,,,,,,,,,
1287,,0,,,,,,,1.0,Jacob Farleigh,,,,,,,,,
1288,,1,,,,,,,1.0,Jacob Farleigh,,,,,,,,,
1289,,2,,,,,,,1.0,Jacob Farleigh,,,,,,,,,
1290,,0,,,,,,,1.0,Mario Avila,,,,,,,,,
1291,,1,,,,,,,1.0,Mario Avila,,,,,,,,,
1292,,2,,,,,,,1.0,Mario Avila,,,,,,,,,
1293,,0,,,,,,,1.0,Michelle Ainsley,,,,,,,,,
1294,,1,,,,,,,1.0,Michelle Ainsley,,,,,,,,,
1295,,2,,,,,,,1.0,Michelle Ainsley,,,,,,,,,
1296,,0,,,,,,,1.0,Phoenix Sprous,,,,,,,,,
1297,,1,,,,,,,1.0,Phoenix Sprous,,,,,,,,,
1298,,2,,,,,,,1.0,Phoenix Sprous,,,,,,,,,
1299,,0,,,,,,,1.0,Rob Mills,,,,,,,,,
1300,,1,,,,,,,1.0,Rob Mills,,,,,,,,,
1301,,2,,,,,,,1.0,Rob Mills,,,,,,,,,
1302,,0,,,,,,,1.0,Tom Limanek,,,,,,,,,
1303,,1,,,,,,,1.0,Tom Limanek,,,,,,,,,
1304,,2,,,,,,,1.0,Tom Limanek,,,,,,,,,
1305,,0,,,,,,,1.0,Joshua Winer,,,,,,,,,
1306,,1,,,,,,,1.0,Joshua Winer,,,,,,,,,
1307,,2,,,,,,,1.0,Joshua Winer,,,,,,,,,
1308,,0,,,,,,,1.0,Jay Harper,,,,,,,,,
1309,,1,,,,,,,1.0,Jay Harper,,,,,,,,,
1310,,2,,,,,,,1.0,Jay Harper,,,,,,,,,
1311,,0,,,,,,,1.0,Rob Byers,,,,,,,,,
1312,,1,,,,,,,1.0,Rob Byers,,,,,,,,,
1313,,2,,,,,,,1.0,Rob Byers,,,,,,,,,
1314,,0,,,,,,,1.0,Chris Alreck,,,,,,,,,
1315,,1,,,,,,,1.0,Chris Alreck,,,,,,,,,
1316,,2,,,,,,,1.0,Chris Alreck,,,,,,,,,
1317,,0,,,,,,,1.0,Ernie Rogers,,,,,,,,,
1318,,1,,,,,,,1.0,Ernie Rogers,,,,,,,,,
1319,,2,,,,,,,1.0,Ernie Rogers,,,,,,,,,
1320,,0,,,,,,,1.0,Gregg Sherbon,,,,,,,,,
1321,,1,,,,,,,1.0,Gregg Sherbon,,,,,,,,,
1322,,2,,,,,,,1.0,Gregg Sherbon,,,,,,,,,
1323,,0,,,,,,,1.0,KC Seymour,,,,,,,,,
1324,,1,,,,,,,1.0,KC Seymour,,,,,,,,,
1325,,2,,,,,,,1.0,KC Seymour,,,,,,,,,
1326,,0,,,,,,,1.0,Tom Bell,,,,,,,,,
1327,,1,,,,,,,1.0,Tom Bell,,,,,,,,,
1328,,2,,,,,,,1.0,Tom Bell,,,,,,,,,
1329,,0,,,,,,,1.0,William Axelrod,,,,,,,,,
1330,,1,,,,,,,1.0,William Axelrod,,,,,,,,,
1331,,2,,,,,,,1.0,William Axelrod,,,,,,,,,
1332,,0,,,,,,,1.0,Jamie Swenson,,,,,,,,,
1333,,1,,,,,,,1.0,Jamie Swenson,,,,,,,,,
1334,,2,,,,,,,1.0,Jamie Swenson,,,,,,,,,
1335,,0,,,,,,,1.0,Jon Scherlie,,,,,,,,,
1336,,1,,,,,,,1.0,Jon Scherlie,,,,,,,,,
1337,,2,,,,,,,1.0,Jon Scherlie,,,,,,,,,
1338,,0,,,,,,,1.0,Nick Marks,,,,,,,,,
1339,,1,,,,,,,1.0,Nick Marks,,,,,,,,,
1340,,2,,,,,,,1.0,Nick Marks,,,,,,,,,
1341,,0,,,,,,,1.0,Hunter Maass,,,,,,,,,
1342,,1,,,,,,,1.0,Hunter Maass,,,,,,,,,
1343,,2,,,,,,,1.0,Hunter Maass,,,,,,,,,
1344,,0,,,,,,,1.0,Noah Wald,,,,,,,,,
1345,,1,,,,,,,1.0,Noah Wald,,,,,,,,,
1346,,2,,,,,,,1.0,Noah Wald,,,,,,,,,
1347,,0,,,,,,,1.0,Adrian Blumberg,,,,,,,,,
1348,,1,,,,,,,1.0,Adrian Blumberg,,,,,,,,,
1349,,2,,,,,,,1.0,Adrian Blumberg,,,,,,,,,
1350,,0,,,,,,,1.0,Chris Eck,,,,,,,,,
1351,,1,,,,,,,1.0,Chris Eck,,,,,,,,,
1352,,2,,,,,,,1.0,Chris Eck,,,,,,,,,
1353,,0,,,,,,,1.0,Fapiano F.,,,,,,,,,
1354,,1,,,,,,,1.0,Fapiano F.,,,,,,,,,
1355,,2,,,,,,,1.0,Fapiano F.,,,,,,,,,
1356,,0,,,,,,,1.0,Jaime Williams,,,,,,,,,
1357,,1,,,,,,,1.0,Jaime Williams,,,,,,,,,
1358,,2,,,,,,,1.0,Jaime Williams,,,,,,,,,
1359,,0,,,,,,,1.0,Joseph Wharton,,,,,,,,,
1360,,1,,,,,,,1.0,Joseph Wharton,,,,,,,,,
1361,,2,,,,,,,1.0,Joseph Wharton,,,,,,,,,
1362,,0,,,,,,,1.0,Steven Wong,,,,,,,,,
1363,,1,,,,,,,1.0,Steven Wong,,,,,,,,,
1364,,2,,,,,,,1.0,Steven Wong,,,,,,,,,
1365,,0,,,,,,,1.0,Valerie St. Louis,,,,,,,,,
1366,,1,,,,,,,1.0,Valerie St. Louis,,,,,,,,,
1367,,2,,,,,,,1.0,Valerie St. Louis,,,,,,,,,
1368,,0,,,,,,,1.0,Greywing Cooper,,,,,,,,,
1369,,1,,,,,,,1.0,Greywing Cooper,,,,,,,,,
1370,,2,,,,,,,1.0,Greywing Cooper,,,,,,,,,
1371,,0,,,,,,,1.0,Jake Kermish-Wells,,,,,,,,,
1372,,1,,,,,,,1.0,Jake Kermish-Wells,,,,,,,,,
1373,,2,,,,,,,1.0,Jake Kermish-Wells,,,,,,,,,
1374,,0,,,,,,,1.0,Steve Parrott,,,,,,,,,
1375,,1,,,,,,,1.0,Steve Parrott,,,,,,,,,
1376,,2,,,,,,,1.0,Steve Parrott,,,,,,,,,
1377,,0,,,,,,,1.0,Chris Hughs,,,,,,,,,
1378,,1,,,,,,,1.0,Chris Hughs,,,,,,,,,
1379,,2,,,,,,,1.0,Chris Hughs,,,,,,,,,
1380,,0,,,,,,,1.0,Conrad Damon,,,,,,,,,
1381,,1,,,,,,,1.0,Conrad Damon,,,,,,,,,
1382,,2,,,,,,,1.0,Conrad Damon,,,,,,,,,
1383,,0,,,,,,,1.0,David Fairweather,,,,,,,,,
1384,,1,,,,,,,1.0,David Fairweather,,,,,,,,,
1385,,2,,,,,,,1.0,David Fairweather,,,,,,,,,
1386,,0,,,,,,,1.0,David van Dolen,,,,,,,,,
1387,,1,,,,,,,1.0,David van Dolen,,,,,,,,,
1388,,2,,,,,,,1.0,David van Dolen,,,,,,,,,
1389,,0,,,,,,,1.0,Dennis Cribber Warsen,,,,,,,,,
1390,,1,,,,,,,1.0,Dennis Cribber Warsen,,,,,,,,,
1391,,2,,,,,,,1.0,Dennis Cribber Warsen,,,,,,,,,
1392,,0,,,,,,,1.0,Heema Sinibaldi,,,,,,,,,
1393,,1,,,,,,,1.0,Heema Sinibaldi,,,,,,,,,
1394,,2,,,,,,,1.0,Heema Sinibaldi,,,,,,,,,
1395,,0,,,,,,,1.0,Jake Wills,,,,,,,,,
1396,,1,,,,,,,1.0,Jake Wills,,,,,,,,,
1397,,2,,,,,,,1.0,Jake Wills,,,,,,,,,
1398,,0,,,,,,,1.0,Jan Vejsada,,,,,,,,,
1399,,1,,,,,,,1.0,Jan Vejsada,,,,,,,,,
1400,,2,,,,,,,1.0,Jan Vejsada,,,,,,,,,
1401,,0,,,,,,,1.0,Katie Fairweather,,,,,,,,,
1402,,1,,,,,,,1.0,Katie Fairweather,,,,,,,,,
1403,,2,,,,,,,1.0,Katie Fairweather,,,,,,,,,
1404,,0,,,,,,,1.0,Mark Ferenc Farr,,,,,,,,,
1405,,1,,,,,,,1.0,Mark Ferenc Farr,,,,,,,,,
1406,,2,,,,,,,1.0,Mark Ferenc Farr,,,,,,,,,
1407,,0,,,,,,,1.0,Micah Zayner,,,,,,,,,
1408,,1,,,,,,,1.0,Micah Zayner,,,,,,,,,
1409,,2,,,,,,,1.0,Micah Zayner,,,,,,,,,
1410,,0,,,,,,,1.0,Mike Vider,,,,,,,,,
1411,,1,,,,,,,1.0,Mike Vider,,,,,,,,,
1412,,2,,,,,,,1.0,Mike Vider,,,,,,,,,
1413,,0,,,,,,,1.0,Olin Vejsada,,,,,,,,,
1414,,1,,,,,,,1.0,Olin Vejsada,,,,,,,,,
1415,,2,,,,,,,1.0,Olin Vejsada,,,,,,,,,
1416,,0,,,,,,,1.0,Tom Brown,,,,,,,,,
1417,,1,,,,,,,1.0,Tom Brown,,,,,,,,,
1418,,2,,,,,,,1.0,Tom Brown,,,,,,,,,
